-- MySQL dump 10.13  Distrib 8.0.23, for Win64 (x86_64)
--
-- Host: localhost    Database: ymdb
-- ------------------------------------------------------
-- Server version	8.0.23

/*!40101 SET @OLD_CHARACTER_SET_CLIENT=@@CHARACTER_SET_CLIENT */;
/*!40101 SET @OLD_CHARACTER_SET_RESULTS=@@CHARACTER_SET_RESULTS */;
/*!40101 SET @OLD_COLLATION_CONNECTION=@@COLLATION_CONNECTION */;
/*!50503 SET NAMES utf8 */;
/*!40103 SET @OLD_TIME_ZONE=@@TIME_ZONE */;
/*!40103 SET TIME_ZONE='+00:00' */;
/*!40014 SET @OLD_UNIQUE_CHECKS=@@UNIQUE_CHECKS, UNIQUE_CHECKS=0 */;
/*!40014 SET @OLD_FOREIGN_KEY_CHECKS=@@FOREIGN_KEY_CHECKS, FOREIGN_KEY_CHECKS=0 */;
/*!40101 SET @OLD_SQL_MODE=@@SQL_MODE, SQL_MODE='NO_AUTO_VALUE_ON_ZERO' */;
/*!40111 SET @OLD_SQL_NOTES=@@SQL_NOTES, SQL_NOTES=0 */;

--
-- Temporary view structure for view `actors_view`
--

DROP TABLE IF EXISTS `actors_view`;
/*!50001 DROP VIEW IF EXISTS `actors_view`*/;
SET @saved_cs_client     = @@character_set_client;
/*!50503 SET character_set_client = utf8mb4 */;
/*!50001 CREATE VIEW `actors_view` AS SELECT 
 1 AS `First name`,
 1 AS `Last name`,
 1 AS `Gender`,
 1 AS `Birthdate`,
 1 AS `Married`*/;
SET character_set_client = @saved_cs_client;

--
-- Table structure for table `characters`
--

DROP TABLE IF EXISTS `characters`;
/*!40101 SET @saved_cs_client     = @@character_set_client */;
/*!50503 SET character_set_client = utf8mb4 */;
CREATE TABLE `characters` (
  `Character_id` int NOT NULL AUTO_INCREMENT,
  `Character_Name` varchar(45) NOT NULL,
  `Character_PersonData` int DEFAULT NULL,
  PRIMARY KEY (`Character_id`),
  KEY `fk_Characters_PersonData1_idx` (`Character_PersonData`),
  CONSTRAINT `fk_Characters_PersonData1` FOREIGN KEY (`Character_PersonData`) REFERENCES `persondata` (`PersonData_id`) ON DELETE RESTRICT ON UPDATE RESTRICT
) ENGINE=InnoDB AUTO_INCREMENT=1001 DEFAULT CHARSET=utf8;
/*!40101 SET character_set_client = @saved_cs_client */;

--
-- Dumping data for table `characters`
--

LOCK TABLES `characters` WRITE;
/*!40000 ALTER TABLE `characters` DISABLE KEYS */;
INSERT INTO `characters` VALUES (1,'Nathanael Clover',1),(2,'Ripley Bourdis',2),(3,'Alvin Choak',3),(4,'Enrichetta Kirrens',4),(5,'Darcy Gaspero',5),(6,'Samuele Conyard',6),(7,'Melina Richford',7),(8,'Rene Fielders',8),(9,'Elladine Bockin',9),(10,'Maggi Selly',10),(11,'Brit Leachman',11),(12,'Cissy Witherdon',12),(13,'Tracy Diwell',13),(14,'Lucais Wyllcocks',14),(15,'Willie Smail',15),(16,'Olag Yersin',16),(17,'Roz Brandham',17),(18,'Megan Willimot',18),(19,'Farica Boggon',19),(20,'Grazia Bassett',20),(21,'Gardener Flori',21),(22,'Hort Dragon',22),(23,'Cherise Harrismith',23),(24,'Alfy Matteotti',24),(25,'Hertha Nijs',25),(26,'Bess Ezele',26),(27,'Arlina Slessar',27),(28,'Devi Chung',28),(29,'Celene Dulwitch',29),(30,'Dora Nation',30),(31,'Dorian Brewis',31),(32,'Alexi Hollerin',32),(33,'Bonnie Pennino',33),(34,'Dulcy Shepeard',34),(35,'Micah Akester',35),(36,'Gaston Cominotti',36),(37,'Hortensia MacCrackan',37),(38,'Hanna Lakey',38),(39,'Turner Tooth',39),(40,'Jonie Headington',40),(41,'Nettle O\'Neary',41),(42,'Boothe Duffet',42),(43,'Brannon Gumb',43),(44,'Carry Boyack',44),(45,'Rosaline Sliney',45),(46,'Donny Greatex',46),(47,'Kalina Sayer',47),(48,'Bidget Dioniso',48),(49,'Yul Deluca',49),(50,'Celie Frarey',50),(51,'Olivero McTeer',51),(52,'Oswell Graber',52),(53,'Wallache Cavie',53),(54,'Holli Nealey',54),(55,'Beilul Prazor',55),(56,'Adrea Canacott',56),(57,'Olga Marling',57),(58,'Norris Benini',58),(59,'Savina Tunuy',59),(60,'Barri Verheijden',60),(61,'Aeriela Kettlestringe',61),(62,'Veda Inchcomb',62),(63,'Cleavland Mitchelmore',63),(64,'Janean Stampe',64),(65,'Peg Brandoni',65),(66,'Lucien Brick',66),(67,'Rosina Narducci',67),(68,'Lorrin Brignall',68),(69,'Connie Emburey',69),(70,'Esma Peachey',70),(71,'Welch Towne',71),(72,'Geordie Crowcroft',72),(73,'Brynne Connop',73),(74,'Floris Bentham',74),(75,'Allissa Losel',75),(76,'Chickie Marvin',76),(77,'Tammara Dimmer',77),(78,'Cletis Struttman',78),(79,'Shelden Wallbutton',79),(80,'Aubrey Nisby',80),(81,'Sherman Samwaye',81),(82,'Charles Tupie',82),(83,'Saw Chippin',83),(84,'Irita Spark',84),(85,'Ricky Lyver',85),(86,'Adriane Jaxon',86),(87,'Ernesto Jaine',87),(88,'Kyle Cheesman',88),(89,'Adelice Junkinson',89),(90,'Andreas Irvine',90),(91,'Theodore Dorre',91),(92,'Astra Laming',92),(93,'Elliott Jahan',93),(94,'Zebadiah Muckloe',94),(95,'Annabella Hankey',95),(96,'Marc Liddiard',96),(97,'Verge Stigger',97),(98,'Danit Peeters',98),(99,'Chev Brumbie',99),(100,'Stacee Samet',100),(101,'Kayle McAloren',101),(102,'Florrie Wingate',102),(103,'Joel Darrington',103),(104,'Noella Astling',104),(105,'Martie Tute',105),(106,'Ferdinande Andriuzzi',106),(107,'Forest Jukes',107),(108,'Alvie O\'Carmody',108),(109,'Reid Von Der Empten',109),(110,'Andree Robeson',110),(111,'Dougy Veall',111),(112,'Phip Maude',112),(113,'Hobey Coldman',113),(114,'Ava Douche',114),(115,'Marlo Birtley',115),(116,'Melonie McInnery',116),(117,'Vyky Ceeley',117),(118,'Butch Murty',118),(119,'Llywellyn Glaysher',119),(120,'Oswell Marshfield',120),(121,'Maryanna Franceschi',121),(122,'Alfonse Brissenden',122),(123,'Dorothea O\' Shea',123),(124,'Adoree Gildroy',124),(125,'Stu Sweeten',125),(126,'Germaine Schubbert',126),(127,'Way Zoanetti',127),(128,'Minor Trayes',128),(129,'Sutherland Gittis',129),(130,'Barry Sabater',130),(131,'Sophia Woodage',131),(132,'Siegfried Glave',132),(133,'Gloriane Bloomfield',133),(134,'Wilmer Rubenchik',134),(135,'Ava Tapin',135),(136,'Maura Hopfer',136),(137,'Kris Raiston',137),(138,'Ancell Colls',138),(139,'Fitzgerald Crichmere',139),(140,'Humfrey Olenov',140),(141,'Yalonda Renfree',141),(142,'Brewer Sancroft',142),(143,'Edi Richmond',143),(144,'Dorita Speed',144),(145,'Rock Alflatt',145),(146,'Alanson Haldin',146),(147,'Ursa Bugg',147),(148,'Aguistin Kennealy',148),(149,'Lee Descroix',149),(150,'Robb Gerran',150),(151,'Rozelle Milmore',151),(152,'Misty Benoist',152),(153,'Lynna Cleminshaw',153),(154,'Sibella Kidstoun',154),(155,'Chad Gresser',155),(156,'Earvin Kristoffersson',156),(157,'Lorne Willden',157),(158,'Dasha Runham',158),(159,'Lewiss Massey',159),(160,'Dosi Greenhaugh',160),(161,'Mindy Smerdon',161),(162,'Myra Collabine',162),(163,'Jacquelynn Bachelar',163),(164,'Inglis Peagram',164),(165,'Arabella Haime',165),(166,'Catie Brokenshaw',166),(167,'Amabelle Burrows',167),(168,'Valentin Menault',168),(169,'Ramonda Ackeroyd',169),(170,'Irena Griston',170),(171,'Zelig von Hagt',171),(172,'Rahel Hargess',172),(173,'Devin Tingley',173),(174,'Marleah Bulloch',174),(175,'Giustina Skipp',175),(176,'Andriana McGorley',176),(177,'Chicky Esch',177),(178,'Eugenio Killerby',178),(179,'Inga Sarrell',179),(180,'Selena Leavey',180),(181,'Joshuah Shilburne',181),(182,'Phillipp Ebhardt',182),(183,'Vivianna Pierro',183),(184,'Rosita Munnis',184),(185,'Norri Celli',185),(186,'Jacquelyn Lygoe',186),(187,'Katharina Venmore',187),(188,'Harvey Catterell',188),(189,'Antonie Gherardi',189),(190,'Marlena De la Eglise',190),(191,'Grazia Ragbourne',191),(192,'Elane Cawley',192),(193,'Kalinda Pauli',193),(194,'Charmane Beaney',194),(195,'Woodrow Ollett',195),(196,'Leanor Gilffilland',196),(197,'Niall Deakin',197),(198,'Christie Eykelbosch',198),(199,'Alica Newiss',199),(200,'Jeana Poupard',200),(201,'Bil Slatcher',201),(202,'Gregorius Elkins',202),(203,'Humfrid Crossthwaite',203),(204,'Batsheva Solomonides',204),(205,'Reinaldos Snar',205),(206,'Gorden Aysik',206),(207,'Damien Chuck',207),(208,'Gay Rodda',208),(209,'Peterus Mohammed',209),(210,'Sallyann Tranter',210),(211,'Alasteir Paybody',211),(212,'Yelena Baile',212),(213,'Hermy Hopfner',213),(214,'Raleigh MacIlhagga',214),(215,'Catlin Hake',215),(216,'Gusella Thomazin',216),(217,'Meriel Ianni',217),(218,'Pierrette Plumridge',218),(219,'Hedy Quiddinton',219),(220,'Casi Dammarell',220),(221,'Maisey Cowpe',221),(222,'Norrie Spoole',222),(223,'Barbaraanne Walrond',223),(224,'Joline Knevet',224),(225,'Kirsteni Grishanin',225),(226,'Aida Fantonetti',226),(227,'Andrus Lohde',227),(228,'West Waldram',228),(229,'Hazel De Antoni',229),(230,'Annissa Leschelle',230),(231,'Zane Dorwood',231),(232,'Annemarie Braga',232),(233,'Jule Pays',233),(234,'Cordelia Deamer',234),(235,'Tabb Billings',235),(236,'Alvina Mastrantone',236),(237,'Donnamarie Abels',237),(238,'Armstrong Divis',238),(239,'Christie Anthonies',239),(240,'Cassey Lambot',240),(241,'Ferdinand Coutthart',241),(242,'Fawne Alennikov',242),(243,'Pegeen Shea',243),(244,'Elka Spellicy',244),(245,'Horton Perrott',245),(246,'Steffane Tidbold',246),(247,'Emmett Harriskine',247),(248,'Bernie Showering',248),(249,'Pavia Bowell',249),(250,'Nicolina Chartres',250),(251,'Dominique Hannan',251),(252,'Lynnelle Tonsley',252),(253,'Patrica Leonard',253),(254,'Theodoric Jowett',254),(255,'Candra Everleigh',255),(256,'Jerry Levey',256),(257,'Arnold Garey',257),(258,'Manuel Stuchberry',258),(259,'Odelle Spruce',259),(260,'Everard Hatliffe',260),(261,'Morganica Phillcox',261),(262,'Gusella Jurisic',262),(263,'Goddard Dumper',263),(264,'Billye Seebright',264),(265,'Freeman Cesconi',265),(266,'Gaye Baldi',266),(267,'Coralyn Eadington',267),(268,'Anabel Batter',268),(269,'Shoshana Huet',269),(270,'Valentin Olech',270),(271,'Tildi Jacquet',271),(272,'Barclay Brownjohn',272),(273,'Dilly Gruszka',273),(274,'Markos Salliss',274),(275,'Othello Kuzemka',275),(276,'Morlee Kemmis',276),(277,'Asa O\'Geaney',277),(278,'Fidole Menchenton',278),(279,'Dionis Rainy',279),(280,'Philip Minchinton',280),(281,'Scott Riepel',281),(282,'Blinni Edinburough',282),(283,'Ambrosi Swannell',283),(284,'Julina Kenwood',284),(285,'Karen Waterhowse',285),(286,'Payton Braban',286),(287,'Norbert Phebee',287),(288,'Georgeta Moral',288),(289,'Stephana Gegg',289),(290,'Josepha Catford',290),(291,'Stefanie Coare',291),(292,'Lemar Sowle',292),(293,'Rivkah Speed',293),(294,'Kendal Isaksen',294),(295,'Auberon Gregolotti',295),(296,'Baxter Kynge',296),(297,'Esme Cawson',297),(298,'Harcourt Laurenty',298),(299,'Adiana Deadman',299),(300,'Thacher Manktelow',300),(301,'Rozelle Stoke',301),(302,'Fredericka O\'Noland',302),(303,'Jewell Myall',303),(304,'Brunhilde Baumadier',304),(305,'Olly Schankel',305),(306,'Jarrad Brader',306),(307,'Cassie Chrystie',307),(308,'Inesita Bengal',308),(309,'Clyde Pryell',309),(310,'Law Kurth',310),(311,'Aland Ruprich',311),(312,'Ervin Tunny',312),(313,'Robinetta Arrault',313),(314,'Con Vankin',314),(315,'Idalia McMurdo',315),(316,'Erin Nice',316),(317,'Krissie Southward',317),(318,'Britney Rides',318),(319,'Akim Caccavella',319),(320,'Melly Mulgrew',320),(321,'Mabel Guilder',321),(322,'Magdalena Doge',322),(323,'Estrella Wrought',323),(324,'Vaclav Dyson',324),(325,'Bentlee Menilove',325),(326,'Bern Regis',326),(327,'Monte Ducker',327),(328,'Kipp Corsor',328),(329,'Kala Taaffe',329),(330,'Haywood Bellas',330),(331,'Fabiano Le Quesne',331),(332,'Hendrika Meany',332),(333,'Trip Diloway',333),(334,'Maureen Massimi',334),(335,'Elianore Reinger',335),(336,'Noll Delgardillo',336),(337,'Lanette Kelling',337),(338,'Lorie Markson',338),(339,'April Cornell',339),(340,'Joanne Rolling',340),(341,'Ashby Ossulton',341),(342,'Franny Goodwins',342),(343,'Marketa Foye',343),(344,'Nicolle Lesper',344),(345,'Gertrudis Kingsford',345),(346,'Pietra Melly',346),(347,'Stephanie Goulden',347),(348,'Daniel Diggins',348),(349,'Karisa Sturzaker',349),(350,'Tedie Matousek',350),(351,'Selestina Wallington',351),(352,'Coleen Birdfield',352),(353,'Harvey Casburn',353),(354,'Lonny Ellice',354),(355,'Benjamen Coon',355),(356,'El Jobin',356),(357,'Ingrim Davidde',357),(358,'Brianne Hamberston',358),(359,'Dani Sinderson',359),(360,'Rois Newsham',360),(361,'Gusta Wermerling',361),(362,'Arvin Pinkett',362),(363,'Austin Dallosso',363),(364,'Paul Sheridan',364),(365,'Jacquenetta Bloxsome',365),(366,'Karine Marxsen',366),(367,'Bear Bygott',367),(368,'Tarrah Lyddy',368),(369,'Nana Rock',369),(370,'Colleen Dye',370),(371,'Elliot Whayman',371),(372,'Webster Miguet',372),(373,'Caesar Stalman',373),(374,'Wilfred St Angel',374),(375,'Corrie McLauchlin',375),(376,'Link Teek',376),(377,'Grace Schlagh',377),(378,'Broddie Tarquini',378),(379,'Hewett Duffan',379),(380,'Glori Orry',380),(381,'Lombard Buckie',381),(382,'Putnem Abdie',382),(383,'Pietrek Macveigh',383),(384,'Barnett Inglesfield',384),(385,'Dacia Heeney',385),(386,'Nichole Behnecke',386),(387,'Germana Bulman',387),(388,'Gunner Halshaw',388),(389,'Malinda Menguy',389),(390,'Corena Cricket',390),(391,'Elnore Jiggins',391),(392,'Gladi Denziloe',392),(393,'Susie Worters',393),(394,'Nicolas McMurthy',394),(395,'Jobyna Minet',395),(396,'Mallissa Ahern',396),(397,'Rosanne Ginn',397),(398,'Loutitia Deviney',398),(399,'Ermentrude Rembrant',399),(400,'Ely Laurenty',400),(401,'Scarface Gullis',401),(402,'Octavius Madden',402),(403,'Jeffry Hing',403),(404,'Agace Davidovicz',404),(405,'Rosene Merrien',405),(406,'Rosalyn Folini',406),(407,'Allistir Hatchman',407),(408,'Mercy Vinter',408),(409,'Hort Morrant',409),(410,'Trula Bramsom',410),(411,'Debi Olliver',411),(412,'Karmen Sore',412),(413,'Nobie Scarlon',413),(414,'Leonard O\'Lenane',414),(415,'Eadmund Kenningham',415),(416,'Linda MacKenzie',416),(417,'Deck McReynold',417),(418,'Emmalyn Kleinhaus',418),(419,'Adelaide Pigney',419),(420,'Shellysheldon Harlin',420),(421,'Homere Smye',421),(422,'Lanie Peel',422),(423,'Sherlocke Beddingham',423),(424,'Arron Tizard',424),(425,'Christalle Campanelle',425),(426,'Sutherlan Goggey',426),(427,'Rosalia Gately',427),(428,'Damaris Muncey',428),(429,'Fara Gronw',429),(430,'Enid Kealy',430),(431,'King Keach',431),(432,'Marco Grinley',432),(433,'Velvet Furlong',433),(434,'Joel Wands',434),(435,'Leupold Diable',435),(436,'Shaun Ryam',436),(437,'Erv Corzor',437),(438,'Quinn Spondley',438),(439,'Walsh Besse',439),(440,'Isaiah Dorracott',440),(441,'Marin Whyberd',441),(442,'Rosita Godridge',442),(443,'Pen Eates',443),(444,'Valina Gaythor',444),(445,'Lucio Osan',445),(446,'Edna Fullilove',446),(447,'Ciro Devigne',447),(448,'Charmane Wetherald',448),(449,'Syman Royse',449),(450,'Hank Hanaford',450),(451,'Taffy Casino',451),(452,'Stanislaus Crosetto',452),(453,'Loydie Vanderson',453),(454,'Sibella Barneville',454),(455,'Gerrie Morais',455),(456,'Ally Simic',456),(457,'Clayborn Meade',457),(458,'Wyndham Fairhall',458),(459,'Lana Woolfitt',459),(460,'Hedvige Brugsma',460),(461,'Alli Breslane',461),(462,'Brina Deviney',462),(463,'Sibylla Mynott',463),(464,'Patton Boylin',464),(465,'Ansell Pyford',465),(466,'Menard Alishoner',466),(467,'Meara Cansfield',467),(468,'Ellynn Dearle',468),(469,'Fernanda Rustman',469),(470,'Meier Kilmister',470),(471,'Mario Grzesiak',471),(472,'Jobi Threadgall',472),(473,'Gardie Chadwyck',473),(474,'Veradis Moodie',474),(475,'Selia Triplow',475),(476,'Phip Elsie',476),(477,'Brooks Steven',477),(478,'Arlette Szanto',478),(479,'Delaney Gillyatt',479),(480,'Franklyn Bond',480),(481,'Gris Mence',481),(482,'Dori McClintock',482),(483,'Dacy Damerell',483),(484,'Murdock MacDiarmid',484),(485,'Heall Foucar',485),(486,'Bobette MacCrosson',486),(487,'Rosamund Jirek',487),(488,'Toiboid Fosken',488),(489,'Natasha Tew',489),(490,'Joshia Fahrenbacher',490),(491,'Byron Broster',491),(492,'Roxy Weiser',492),(493,'Phillis Chern',493),(494,'Rolf Craisford',494),(495,'Berti Gascoine',495),(496,'Carly Lavallin',496),(497,'Chevalier Cursey',497),(498,'Cody McCollum',498),(499,'Rogers Manjin',499),(500,'Tiertza Cuttell',500),(501,'Evelina Piniur',501),(502,'Earvin Lavell',502),(503,'Torie Honnicott',503),(504,'Gregorio Greenacre',504),(505,'Arie Geroldi',505),(506,'Nathanael Sabey',506),(507,'Ferdie Mulloch',507),(508,'Ennis Greep',508),(509,'Dacey Brunet',509),(510,'Barty Keelan',510),(511,'Thom Reiach',511),(512,'Wilmer Feavyour',512),(513,'Even de Cullip',513),(514,'Lowell McKain',514),(515,'Raimondo Kittiman',515),(516,'Remy Benzies',516),(517,'Fairlie Venditti',517),(518,'Samaria Tothe',518),(519,'Faun Leckey',519),(520,'Nikita Ogus',520),(521,'Kakalina Harley',521),(522,'Sly Evens',522),(523,'Angel Coche',523),(524,'Shirlee Stormouth',524),(525,'Heath Reuss',525),(526,'Ozzy O\'Griffin',526),(527,'Mae Oldrey',527),(528,'Deonne Raybould',528),(529,'Kristoffer Tansley',529),(530,'Dorella Tawton',530),(531,'Cherrita D\'Antonio',531),(532,'Jaimie Evetts',532),(533,'Price Gibson',533),(534,'Myrwyn Grafham',534),(535,'Willi Kerford',535),(536,'Mark Pountney',536),(537,'Alwin Demangel',537),(538,'Corinna Burren',538),(539,'Ardeen Garlinge',539),(540,'Ardine Backson',540),(541,'Lonnard Prichard',541),(542,'Livvie Van der Kruys',542),(543,'Anatole Roos',543),(544,'Zebulen Fairall',544),(545,'Kellie Garrat',545),(546,'Mathe Esley',546),(547,'Hesther Shirland',547),(548,'Gertruda Hatwell',548),(549,'Lucie Adamik',549),(550,'Sebastien Shotboult',550),(551,'Iggie Sone',551),(552,'Valene MacAscaidh',552),(553,'Salomone Krabbe',553),(554,'Gale McCook',554),(555,'Sallee Duhig',555),(556,'Delmor Petchell',556),(557,'Joseito Sumsion',557),(558,'Kissie Pennington',558),(559,'Nonna Roderham',559),(560,'Joline Huniwall',560),(561,'Carola Klezmski',561),(562,'Gabie Jiruch',562),(563,'Dael Baldazzi',563),(564,'Flynn Ramshaw',564),(565,'Blinni Chinnick',565),(566,'Goran Handyside',566),(567,'Rolland Townes',567),(568,'Haven Laurenceau',568),(569,'Claudianus Ozintsev',569),(570,'Erma Antecki',570),(571,'Josh McCormick',571),(572,'Cal Janku',572),(573,'Roanna Kenafaque',573),(574,'Isabeau Tremouille',574),(575,'Vida Probert',575),(576,'Martica Dillestone',576),(577,'Alanson Tidball',577),(578,'Jarrad Feehery',578),(579,'Karla Hedderly',579),(580,'Aleta Limpkin',580),(581,'Sile Gontier',581),(582,'Dasya deKnevet',582),(583,'Brandise Pinn',583),(584,'Osborne Hember',584),(585,'Roderigo Aslie',585),(586,'Alica Novkovic',586),(587,'Laurene Saunt',587),(588,'Erich Gillis',588),(589,'Evaleen Lippiett',589),(590,'Netty McVity',590),(591,'Silvester Caig',591),(592,'Gillan Sheryn',592),(593,'Darren Carlton',593),(594,'Andros Rablen',594),(595,'Adan Holtom',595),(596,'Clerc Childes',596),(597,'Mimi Biskupiak',597),(598,'Erich Lewsey',598),(599,'Ruthi Holby',599),(600,'Melloney Verrall',600),(601,'Sandor Eymer',601),(602,'Benedikta Voce',602),(603,'Grata Buntine',603),(604,'Thomasina Devereux',604),(605,'Laureen Liston',605),(606,'Fredia Claricoats',606),(607,'Shelia Quelch',607),(608,'Corette Skilbeck',608),(609,'Starla Arnison',609),(610,'Tiffi Insall',610),(611,'Urban Manlow',611),(612,'Sybila Cruess',612),(613,'Mason Langthorn',613),(614,'Tami Linning',614),(615,'Morganica Ghidetti',615),(616,'Ludvig Darnbrook',616),(617,'Bert Vargas',617),(618,'George Vasse',618),(619,'Euphemia Balshaw',619),(620,'Matthus Kimber',620),(621,'Gerhardt Kynforth',621),(622,'Sharai Pechan',622),(623,'Kanya Ridsdale',623),(624,'Sigfrid Enrdigo',624),(625,'Veronike Wisher',625),(626,'Morrie Geraldini',626),(627,'Josepha Gainforth',627),(628,'Caron Loidl',628),(629,'Felic Abade',629),(630,'Trude Muino',630),(631,'Ashton Schroeder',631),(632,'Jorry Hands',632),(633,'Harli Lobbe',633),(634,'Ludovico Barus',634),(635,'Hayes Greber',635),(636,'Richy Cubbinelli',636),(637,'Shari Adamides',637),(638,'Jacynth Mott',638),(639,'Willi Hartle',639),(640,'Carri Allbones',640),(641,'Marlo Casina',641),(642,'Mirabella Dulanty',642),(643,'Gloria Zupa',643),(644,'Ewan Treadwell',644),(645,'Juanita Karlmann',645),(646,'Shae Valiant',646),(647,'Evita Loudiane',647),(648,'Pearle Shotton',648),(649,'Foster Kabos',649),(650,'Marris Melland',650),(651,'Farand Handrahan',651),(652,'Tabatha Boxen',652),(653,'Gregoor Tweedell',653),(654,'Gaspard Rousell',654),(655,'Kristina Juhruke',655),(656,'Rustie Mackiewicz',656),(657,'Kacy Tufts',657),(658,'Redford Reddings',658),(659,'Bennie Sooley',659),(660,'Daisey Ferriere',660),(661,'Elianora Pietesch',661),(662,'Zelma Stivers',662),(663,'Di Bierman',663),(664,'Benoit Arnaudon',664),(665,'Marisa Root',665),(666,'Henryetta Elsip',666),(667,'Yorker Francescotti',667),(668,'Edi Wagg',668),(669,'Shandra Cortnay',669),(670,'Reggi Philippard',670),(671,'Lenka Shermore',671),(672,'Gerta Gabbatiss',672),(673,'Thayne Haughin',673),(674,'Ollie Costerd',674),(675,'Jade Carayol',675),(676,'Cobby Bazeley',676),(677,'Hasty Ashurst',677),(678,'Fanchette Burgane',678),(679,'Marika Patesel',679),(680,'Christoph Makinson',680),(681,'Doralyn Buchan',681),(682,'Gayle Grimstead',682),(683,'Marna Padkin',683),(684,'Hyman Hazeman',684),(685,'Starla Gillitt',685),(686,'Alix Wheaton',686),(687,'El Vergine',687),(688,'Marley Biddell',688),(689,'Lionello Gallant',689),(690,'Beryl Laffin',690),(691,'Gale Portwaine',691),(692,'Roobbie Suston',692),(693,'Ronnie Adamolli',693),(694,'Kalvin Garn',694),(695,'Shel Horley',695),(696,'Bev Coghlin',696),(697,'Elyssa Brasseur',697),(698,'Jobina Sprigging',698),(699,'Deana Mc Caghan',699),(700,'Nilson Causier',700),(701,'Malina Hardesty',701),(702,'Michael Moorey',702),(703,'Bondie Doghartie',703),(704,'Dolorita Horick',704),(705,'Gae Castillo',705),(706,'Angelle Hanwright',706),(707,'Gabbie Josefer',707),(708,'Stephanie Farland',708),(709,'Kathye Tuffell',709),(710,'Donica Valadez',710),(711,'Courtnay Hawkwood',711),(712,'Gilligan Liger',712),(713,'Sherline Colegate',713),(714,'Sigmund Gleed',714),(715,'Angelita Linklater',715),(716,'Pansie Osman',716),(717,'Margit Kroon',717),(718,'Norma Sommerling',718),(719,'Krystal Brownsall',719),(720,'Valentine Wetherick',720),(721,'Orv Winscum',721),(722,'Hilly Ivanichev',722),(723,'Gladi Lindell',723),(724,'Obie Littlefair',724),(725,'Celle Sarton',725),(726,'Libbey Surgood',726),(727,'Celestyn Veldman',727),(728,'Lilas Vela',728),(729,'Fanni Blackster',729),(730,'Deck Bayles',730),(731,'Luciana Isaaksohn',731),(732,'Constancia Lochran',732),(733,'Owen Rounsefell',733),(734,'Valdemar Excell',734),(735,'Frank Thibodeaux',735),(736,'Perrine Mettetal',736),(737,'Rik Vanes',737),(738,'Ferdy Lamerton',738),(739,'Quinn Eldridge',739),(740,'Otho Gaw',740),(741,'Phillie Durdle',741),(742,'Murdock Skellington',742),(743,'Bennie Kenan',743),(744,'Mufi Tesauro',744),(745,'Flor Virgin',745),(746,'Devy McCaughey',746),(747,'Rosaline Helliker',747),(748,'Fionna Elnor',748),(749,'Johannes Klemps',749),(750,'Faith Carlesi',750),(751,'Kaile Conan',751),(752,'Loree Wellings',752),(753,'Kimbra Patkin',753),(754,'Connie Beche',754),(755,'Zelda Arnow',755),(756,'Mohandas Luttger',756),(757,'Lynnelle Willment',757),(758,'Bernardo Stowgill',758),(759,'Brittaney Ewert',759),(760,'Emmeline Siemens',760),(761,'Tabor Mokes',761),(762,'Buck MacDonnell',762),(763,'Consalve Saw',763),(764,'Goldi Strand',764),(765,'Baxy Heeran',765),(766,'Allyn Barbary',766),(767,'Augie Noakes',767),(768,'Graehme Dumberell',768),(769,'Benita McAnulty',769),(770,'Michele Scardefield',770),(771,'Anatola Brun',771),(772,'Web Timewell',772),(773,'Keane Brommage',773),(774,'Uriel Dantesia',774),(775,'Oralee Keuning',775),(776,'Lon Neaverson',776),(777,'Allyn Strongitharm',777),(778,'Conan Biaggetti',778),(779,'Lucy Danovich',779),(780,'Kimberlyn Cranmore',780),(781,'Duane McGuane',781),(782,'Grove Haysey',782),(783,'Melania Valentinuzzi',783),(784,'Daisie Andriolli',784),(785,'Clementina Jest',785),(786,'Karin Ruddlesden',786),(787,'Gottfried Doggerell',787),(788,'Salaidh Jiruch',788),(789,'Corny Mattheus',789),(790,'Olimpia Berns',790),(791,'Justine Paulsson',791),(792,'Byrann Wedderburn',792),(793,'Dore Beverley',793),(794,'Hayes Gemmill',794),(795,'Illa Giercke',795),(796,'Marchelle Paffett',796),(797,'Lexine McCarroll',797),(798,'Van Quiney',798),(799,'Cass De Filippis',799),(800,'Brett MacMichael',800),(801,'Haily Treadgall',801),(802,'Nevile Fuzzens',802),(803,'Eustacia Bonelle',803),(804,'Randal Hearsum',804),(805,'Lambert Suthworth',805),(806,'Lacee Kiley',806),(807,'Andriana Giacoppoli',807),(808,'Dulcy Thomasset',808),(809,'Jojo Stringman',809),(810,'Evanne Mc Caughan',810),(811,'Merci Westphalen',811),(812,'Germain Vonderdell',812),(813,'Riane Deverick',813),(814,'Mike Larman',814),(815,'Abeu Slopier',815),(816,'Christiane Voak',816),(817,'Maxine Blowers',817),(818,'Maribel Legges',818),(819,'Alfie Bauckham',819),(820,'Tamara Rowden',820),(821,'Fredelia McNeachtain',821),(822,'Shaylyn Ellershaw',822),(823,'Lindsy Wensley',823),(824,'Dionysus Pavic',824),(825,'Manuel Tieraney',825),(826,'Arvie Dore',826),(827,'Grant Sanford',827),(828,'Chrotoem Urlich',828),(829,'Vinny Drysdell',829),(830,'Demott Perfect',830),(831,'Allister Bidwell',831),(832,'Florri Boulder',832),(833,'Jacintha Madle',833),(834,'Gabriel Maffini',834),(835,'Sarina Larmett',835),(836,'Othella Mattielli',836),(837,'Lana Shuker',837),(838,'Wilone Dell Casa',838),(839,'Camala Allaway',839),(840,'Mirna Plomer',840),(841,'Gracia Blankman',841),(842,'Trista Faivre',842),(843,'Boyce Gilbank',843),(844,'Shelley Clulow',844),(845,'Ky Van Cassel',845),(846,'Benyamin Crinion',846),(847,'Caspar Karp',847),(848,'Jermaine Filby',848),(849,'Alfredo Mauro',849),(850,'Geoffrey Becarra',850),(851,'Ursuline Doppler',851),(852,'Georgiana Rousel',852),(853,'Fred Lippatt',853),(854,'Rozalie Flieg',854),(855,'Jaye Kittel',855),(856,'Alejoa Poad',856),(857,'Larisa Baddow',857),(858,'Carlina Pudsey',858),(859,'Corrie Frondt',859),(860,'Kariotta Trematick',860),(861,'Salvador Drummond',861),(862,'Laural Comins',862),(863,'Morganica Satterfitt',863),(864,'Alexander Spragg',864),(865,'Reinhard Jagoe',865),(866,'Neale Stratiff',866),(867,'Sibelle Boulter',867),(868,'Karlyn Webby',868),(869,'Heriberto Featherstonhalgh',869),(870,'Tine Hehnke',870),(871,'Aldwin Cohn',871),(872,'Lynette Castanie',872),(873,'Tomaso Brosi',873),(874,'Angelita Ryhorovich',874),(875,'Janaya Tilberry',875),(876,'Donn Sowter',876),(877,'Elga Longmore',877),(878,'Donni Lethbrig',878),(879,'Elia Jermey',879),(880,'Hubey Costell',880),(881,'Linzy Alessandone',881),(882,'Binky Astley',882),(883,'Violette Pett',883),(884,'Emylee Orr',884),(885,'Doll McGeagh',885),(886,'Sammy Feavyour',886),(887,'Lynelle Boram',887),(888,'Dyanna Montfort',888),(889,'Anselm Tuckerman',889),(890,'Wood Oldcote',890),(891,'Almire Annon',891),(892,'Phylys Puffett',892),(893,'Mikaela Santacrole',893),(894,'Harley Arber',894),(895,'Truda Stebbings',895),(896,'Buck Lembke',896),(897,'Maddie Barrs',897),(898,'Heda Willis',898),(899,'Hedvig Samwaye',899),(900,'Dennis Davidowsky',900),(901,'Gerladina Blagburn',901),(902,'Greg Eliaz',902),(903,'Augie Fyall',903),(904,'Blane Crossgrove',904),(905,'Craig Kagan',905),(906,'Ivan Grigori',906),(907,'Berne Wannes',907),(908,'Alisun Apperley',908),(909,'Hali Featherstonehaugh',909),(910,'Lemar Cristofanini',910),(911,'Robbie Padkin',911),(912,'Rennie Haddacks',912),(913,'Chen Beaney',913),(914,'Felecia Guyonneau',914),(915,'Claudina Springell',915),(916,'Murvyn Shillitoe',916),(917,'Andee Conville',917),(918,'Chiarra Staden',918),(919,'Augusta Greeveson',919),(920,'Coriss Paine',920),(921,'Karalynn Lambrechts',921),(922,'Bettye Whatford',922),(923,'Bettye Hilland',923),(924,'Frazer Sheen',924),(925,'Janet Shickle',925),(926,'Perle Priestman',926),(927,'Herbert Curnucke',927),(928,'Lizzie Gasking',928),(929,'Beverley Seneschal',929),(930,'Jeromy Facchini',930),(931,'Ruby Von Helmholtz',931),(932,'Nancey Longstaff',932),(933,'Sibyl Binnes',933),(934,'Tori Beckensall',934),(935,'Ashlee Bainbrigge',935),(936,'Nevin Perulli',936),(937,'Bailie Pether',937),(938,'Anabella Birdwhistell',938),(939,'Edee Doerr',939),(940,'Waylin Massenhove',940),(941,'Winston Dancy',941),(942,'Kermy Loines',942),(943,'Xenia Harlowe',943),(944,'Antonius Tatchell',944),(945,'Regen Ciottoi',945),(946,'Perice Hawkswood',946),(947,'Idaline Bruyntjes',947),(948,'Haydon Maplesden',948),(949,'Valenka MacNeice',949),(950,'Othello Harragin',950),(951,'Pat Haney`',951),(952,'Geordie Arnault',952),(953,'Ema Mault',953),(954,'Felecia Riby',954),(955,'Joela Pullman',955),(956,'Taddeo Laxtonne',956),(957,'Dinny Connow',957),(958,'Philipa Hendriksen',958),(959,'Nikaniki Van Velden',959),(960,'Clywd Plumbridge',960),(961,'Babs Bittlestone',961),(962,'Pammi Sivewright',962),(963,'Ethelbert Astall',963),(964,'Lief Neathway',964),(965,'Brianna Rustadge',965),(966,'Ikey Desesquelle',966),(967,'Sigfried Lieb',967),(968,'Gerome Divis',968),(969,'Emmanuel O\'Toole',969),(970,'Nathaniel De Vuyst',970),(971,'Natividad Portwaine',971),(972,'Kerstin Laugier',972),(973,'Wood Goutcher',973),(974,'Chilton Farthing',974),(975,'Paton Podmore',975),(976,'Antonina Dofty',976),(977,'Dasya Bendelow',977),(978,'Arden Dikle',978),(979,'Ivy Gogin',979),(980,'Tamqrah Portt',980),(981,'Sheena Eim',981),(982,'Cher O\'Heffernan',982),(983,'Risa Constantinou',983),(984,'Carrol Peealess',984),(985,'Roy Khadir',985),(986,'Cesaro Edmondson',986),(987,'Artur Brasher',987),(988,'Lucho Goult',988),(989,'Caspar Gibbard',989),(990,'Anita Leathes',990),(991,'Adiana Dibbs',991),(992,'Car Girogetti',992),(993,'Ibby Klasen',993),(994,'Sandro Grote',994),(995,'Caron Daniells',995),(996,'Drusy Cottis',996),(997,'Katee Pentlow',997),(998,'Horatio Stean',998),(999,'Abbe Thew',999),(1000,'Baird Philbrook',1000);
/*!40000 ALTER TABLE `characters` ENABLE KEYS */;
UNLOCK TABLES;

--
-- Table structure for table `contactinfo`
--

DROP TABLE IF EXISTS `contactinfo`;
/*!40101 SET @saved_cs_client     = @@character_set_client */;
/*!50503 SET character_set_client = utf8mb4 */;
CREATE TABLE `contactinfo` (
  `ContactInfo_id` int NOT NULL AUTO_INCREMENT,
  `ContactInfo_Country` varchar(45) DEFAULT NULL,
  `ContactInfo_Zip` varchar(45) DEFAULT NULL,
  `ContactInfo_Street` varchar(45) DEFAULT NULL,
  `ContactInfo_StreetNumber` int DEFAULT NULL,
  `ContactInfo_Phone` varchar(45) DEFAULT NULL,
  `ContactInfo_Email` varchar(45) DEFAULT NULL,
  PRIMARY KEY (`ContactInfo_id`)
) ENGINE=InnoDB AUTO_INCREMENT=1201 DEFAULT CHARSET=utf8;
/*!40101 SET character_set_client = @saved_cs_client */;

--
-- Dumping data for table `contactinfo`
--

LOCK TABLES `contactinfo` WRITE;
/*!40000 ALTER TABLE `contactinfo` DISABLE KEYS */;
INSERT INTO `contactinfo` VALUES (1,'Tonga',NULL,'Gerald',60344,'595-978-2043','hjeakins0@pen.io'),(2,'Philippines','5312','Toban',46986,'666-847-5344','tarnaudin1@yolasite.com'),(3,'Indonesia',NULL,'Scott',2263,'852-599-0895','bdowdall2@timesonline.co.uk'),(4,'China',NULL,'Shopko',7,'885-857-4289','jbladder3@gmpg.org'),(5,'Portugal','4610-572','Kings',2076,'231-276-7489','pcaro4@theglobeandmail.com'),(6,'Colombia','054028','5th',803,'843-158-0965','edevennie5@unblog.fr'),(7,'China',NULL,'Farragut',61,'167-498-6202','mlittefair6@bloglovin.com'),(8,'United States','27404','Westerfield',60,'336-473-7898','dvaneeden7@example.com'),(9,'Czech Republic','793 76','Vera',2998,'590-695-2960','rlumsden8@w3.org'),(10,'Finland','91501','Rockefeller',99,'836-337-3561','jmerryfield9@plala.or.jp'),(11,'Portugal','2430-328','4th',364,'740-767-5546','osleeforda@devhub.com'),(12,'Finland','25501','Walton',3916,'488-256-7757','ckennanb@mlb.com'),(13,'Norway','0361','Ruskin',2,'820-140-8074','qbourhillc@imageshack.us'),(14,'Niger',NULL,'Spaight',281,'838-188-0866','mmorrowed@usgs.gov'),(15,'Mali',NULL,'Oneill',6,'698-587-7413','bohagane@live.com'),(16,'Sweden','591 99','Superior',98864,'786-888-3194','jquanf@time.com'),(17,'China',NULL,'Iowa',7,'397-944-8130','pgantzg@phpbb.com'),(18,'Colombia','276038','Crownhardt',38995,'989-559-1606','fworstallh@epa.gov'),(19,'Russia','668150','Morning',755,'105-672-1653','lvassanoi@japanpost.jp'),(20,'Portugal','2740-010','Mosinee',26,'911-377-1031','mburnandj@hibu.com'),(21,'Brazil','13330-000','Trailsway',85315,'846-230-0927','capflerk@blinklist.com'),(22,'Malaysia','25610','Melvin',828,'130-889-2898','ctredgoldl@jigsy.com'),(23,'Kazakhstan',NULL,'Walton',86,'838-286-1820','zlusheym@weather.com'),(24,'China',NULL,'Birchwood',94,'739-502-1312','jstonelaken@github.io'),(25,'China',NULL,'Reinke',9009,'402-743-3594','meickhoffo@livejournal.com'),(26,'Peru',NULL,'Hazelcrest',5881,'430-364-9519','cheathcoatp@booking.com'),(27,'Indonesia',NULL,'Buena Vista',0,'427-714-8742','fcamockq@fema.gov'),(28,'Philippines','6305','Debs',69744,'443-232-6452','kmattausr@state.gov'),(29,'China',NULL,'Mayer',30571,'898-980-8302','kpaxtons@omniture.com'),(30,'Madagascar',NULL,'Vera',5,'117-845-9454','smacvanamyt@webnode.com'),(31,'China',NULL,'Rusk',464,'314-800-2857','scoulthardu@ebay.com'),(32,'Philippines','6114','Waywood',72,'942-119-6099','lingrayv@godaddy.com'),(33,'Tunisia',NULL,'Lakewood Gardens',5,'901-542-2894','jmanuelew@businesswire.com'),(34,'Poland','37-565','Harbort',62,'483-473-1308','rdibsonx@prweb.com'),(35,'United States','48217','Arizona',8,'313-560-3051','vvennardy@naver.com'),(36,'Poland','66-120','Burrows',39,'386-310-2593','ashyramz@chicagotribune.com'),(37,'Portugal','2865-493','Northport',432,'647-472-6006','wmorsom10@amazonaws.com'),(38,'Philippines','8608','Schurz',1797,'200-664-4502','jorwin11@cisco.com'),(39,'Russia','629420','Green',365,'677-915-5244','mbollis12@indiegogo.com'),(40,'China',NULL,'Kenwood',9191,'136-433-6680','kbossons13@amazon.com'),(41,'Indonesia',NULL,'Brown',2,'301-368-3091','ktuckey14@patch.com'),(42,'China',NULL,'Rowland',427,'211-704-1614','jmcilwrath15@irs.gov'),(43,'United States','39204','Roth',1581,'601-564-9388','nleal16@dell.com'),(44,'Portugal','2090-023','Sutherland',15,'578-226-1037','ewratten17@howstuffworks.com'),(45,'Thailand','40110','Dixon',355,'608-379-1268','bmoon18@accuweather.com'),(46,'Ukraine',NULL,'Doe Crossing',0,'230-412-8434','cbudcock19@theatlantic.com'),(47,'China',NULL,'Randy',159,'626-944-5568','rweatherill1a@columbia.edu'),(48,'China',NULL,'Magdeline',39,'391-232-0216','wrispin1b@edublogs.org'),(49,'Thailand','92130','Logan',1,'636-861-3934','rgwioneth1c@wiley.com'),(50,'Poland','47-451','Meadow Vale',8,'523-820-6319','slowman1d@imgur.com'),(51,'Croatia','32225','Pond',2707,'105-429-3758','gsimoneton1e@rakuten.co.jp'),(52,'Indonesia',NULL,'Summer Ridge',8756,'831-904-5273','sbendel1f@taobao.com'),(53,'Dominican Republic','11904','Emmet',28378,'561-972-4451','bchittey1g@twitter.com'),(54,'Finland','20960','American Ash',55466,'266-869-1041','rmanser1h@nbcnews.com'),(55,'China',NULL,'Express',100,'694-228-9850','bkighly1i@xrea.com'),(56,'Tunisia',NULL,'Meadow Valley',9,'513-534-2326','ascottini1j@un.org'),(57,'Luxembourg','L-3676','Blue Bill Park',88773,'118-479-2196','kagdahl1k@hugedomains.com'),(58,'Russia','397229','Esker',79,'744-939-3818','rbrownscombe1l@cloudflare.com'),(59,'China',NULL,'Shoshone',9,'462-729-8098','elount1m@discovery.com'),(60,'Poland','89-632','Crescent Oaks',5066,'926-679-1052','selvins1n@columbia.edu'),(61,'Japan','437-1604','Nova',35109,'463-693-4116','cbehrendsen1o@freewebs.com'),(62,'China',NULL,'Kenwood',3323,'542-730-4448','fblucher1p@istockphoto.com'),(63,'China',NULL,'Randy',89,'912-848-7877','mlawday1q@nsw.gov.au'),(64,'Russia','182170','Sachtjen',51,'235-279-5168','shubeaux1r@youtube.com'),(65,'Colombia','252257','Gateway',8337,'438-576-6828','blackham1s@newsvine.com'),(66,'Indonesia',NULL,'Grim',457,'422-800-9590','dchristley1t@reverbnation.com'),(67,'Russia','141860','Prentice',58861,'167-871-1629','krosenvasser1u@biblegateway.com'),(68,'Greece',NULL,'Fieldstone',62629,'237-734-6963','cklemps1v@craigslist.org'),(69,'Russia','625999','Lakewood',6848,'850-568-6566','mdeave1w@blinklist.com'),(70,'Serbia',NULL,'Sycamore',627,'611-629-0401','dgrinnell1x@ovh.net'),(71,'Serbia',NULL,'Hoepker',972,'812-612-2051','atownley1y@meetup.com'),(72,'South Korea',NULL,'Jenna',44229,'482-663-4306','wjeram1z@slate.com'),(73,'Afghanistan',NULL,'Gateway',19585,'377-824-2006','cmaciunas20@xrea.com'),(74,'Brazil','33600-000','Manufacturers',84,'787-969-1210','nbushell21@boston.com'),(75,'Azerbaijan',NULL,'Gulseth',846,'403-564-8865','pdooly22@com.com'),(76,'Cambodia',NULL,'Lakewood Gardens',4847,'362-828-4893','gkeener23@topsy.com'),(77,'Poland','26-340','Portage',48,'727-384-3180','amogra24@rambler.ru'),(78,'China',NULL,'Vidon',54405,'898-517-5635','ahammerman25@linkedin.com'),(79,'Portugal','4800-005','Lunder',2753,'193-682-7828','plowen26@deviantart.com'),(80,'Russia','613310','American',523,'908-732-4364','sbenns27@wix.com'),(81,'China',NULL,'Magdeline',9768,'458-717-4733','athurby28@nbcnews.com'),(82,'Czech Republic','582 91','International',3041,'628-601-9407','hwhitlaw29@independent.co.uk'),(83,'Palestinian Territory',NULL,'Mccormick',92677,'121-486-7637','bstuttman2a@latimes.com'),(84,'Russia','187542','Nevada',733,'700-591-0765','jlovering2b@163.com'),(85,'Egypt',NULL,'Lakewood Gardens',56566,'958-876-9182','cbransom2c@ovh.net'),(86,'South Korea',NULL,'Heath',124,'501-258-9263','nhoudmont2d@nifty.com'),(87,'Luxembourg','L-8165','Waxwing',2,'998-482-5239','kmatyukon2e@shutterfly.com'),(88,'Mexico','48040','Maple Wood',54,'481-104-3525','abrayley2f@elegantthemes.com'),(89,'Indonesia',NULL,'Thierer',0,'816-112-0003','swhitters2g@friendfeed.com'),(90,'Senegal',NULL,'Dottie',5,'904-742-1301','awombwell2h@flavors.me'),(91,'United States','98442','Eggendart',5,'253-942-7437','pmcmurtyr2i@geocities.jp'),(92,'Finland','45201','Lien',361,'227-473-9830','lharlin2j@prweb.com'),(93,'Netherlands','1624','Messerschmidt',544,'522-301-3303','efishbie2k@jimdo.com'),(94,'Philippines','3702','Linden',96,'781-974-8661','gclelland2l@icq.com'),(95,'Honduras',NULL,'Manufacturers',4,'174-451-0711','sedelmann2m@tumblr.com'),(96,'Egypt',NULL,'Bartillon',33354,'853-502-4581','mmckeevers2n@narod.ru'),(97,'Russia','658424','Macpherson',827,'129-578-8026','hgatherell2o@foxnews.com'),(98,'Indonesia',NULL,'Mesta',180,'524-937-9806','abreznovic2p@huffingtonpost.com'),(99,'China',NULL,'Talmadge',451,'531-140-2564','jwanne2q@simplemachines.org'),(100,'Brazil','37600-000','Grasskamp',7664,'707-750-4626','svernazza2r@blinklist.com'),(101,'Poland','32-067','Glendale',73525,'260-368-3900','ccraker2s@etsy.com'),(102,'China',NULL,'Prairie Rose',673,'902-740-1193','hmaginn2t@typepad.com'),(103,'Portugal','2510-515','Blackbird',750,'115-290-8725','mmattis2u@bbc.co.uk'),(104,'Sri Lanka','90160','Magdeline',10,'646-635-8722','lcaldeiro2v@cornell.edu'),(105,'Burkina Faso',NULL,'Sage',8573,'840-125-5045','ptamburi2w@webnode.com'),(106,'Nigeria',NULL,'Steensland',207,'504-894-8753','ahelwig2x@flickr.com'),(107,'Macedonia','7504','Shasta',67,'218-498-7461','imcleman2y@msu.edu'),(108,'Russia','423371','Coleman',78477,'530-809-9797','mbene2z@wsj.com'),(109,'Indonesia',NULL,'Nancy',198,'117-319-5716','jfretwell30@wufoo.com'),(110,'Peru',NULL,'Waywood',672,'859-686-0937','asnipe31@addthis.com'),(111,'Brazil','28540-000','Walton',68,'267-313-7940','cmacgorrie32@usa.gov'),(112,'Italy','00141','Anthes',211,'929-218-9454','tlanceter33@jimdo.com'),(113,'Japan','999-3103','Saint Paul',876,'121-357-1611','lmucklo34@tripod.com'),(114,'China',NULL,'Bultman',15,'802-905-0623','ddriuzzi35@addthis.com'),(115,'Indonesia',NULL,'Main',918,'223-853-1946','tskelcher36@reference.com'),(116,'China',NULL,'Kingsford',75,'532-353-2098','twitheford37@cnn.com'),(117,'China',NULL,'Forest Dale',6068,'289-499-9916','jmcgilvary38@mac.com'),(118,'Brazil','49500-000','Sycamore',49,'475-965-8298','smcmorran39@kickstarter.com'),(119,'China',NULL,'Novick',8,'787-445-6771','gmcbayne3a@bravesites.com'),(120,'Indonesia',NULL,'Jenifer',5546,'221-224-4212','jcaret3b@usgs.gov'),(121,'Finland','43800','Barnett',72,'552-914-1598','wlucchi3c@earthlink.net'),(122,'Morocco',NULL,'Dayton',3914,'687-199-4870','cdunstone3d@indiegogo.com'),(123,'Peru',NULL,'Cascade',584,'399-299-5936','rloomes3e@seesaa.net'),(124,'Sweden','273 30','Dawn',4,'471-976-6687','akulvear3f@last.fm'),(125,'Russia','352585','Russell',51,'779-533-8670','btite3g@businessweek.com'),(126,'Philippines','1556','Southridge',12686,'474-474-2885','bberwick3h@youku.com'),(127,'Russia','142507','Cambridge',5,'131-693-0373','stremelling3i@gnu.org'),(128,'Thailand','46160','Trailsway',85261,'403-862-1413','nbacchus3j@creativecommons.org'),(129,'China',NULL,'Eagle Crest',2,'984-221-7052','mkarle3k@army.mil'),(130,'China',NULL,'David',6,'166-921-3044','ksquelch3l@fc2.com'),(131,'Indonesia',NULL,'Bultman',9596,'515-330-9790','cforbear3m@google.nl'),(132,'Philippines','6127','Namekagon',72306,'308-727-8698','pproschek3n@oaic.gov.au'),(133,'China',NULL,'Eagan',341,'285-736-9007','jlympany3o@foxnews.com'),(134,'France','94024 CEDEX','Summer Ridge',35,'304-867-2619','fesposito3p@berkeley.edu'),(135,'Indonesia',NULL,'Dexter',10083,'385-497-5079','agander3q@twitter.com'),(136,'Philippines','1752','Crowley',322,'772-744-6539','daguilar3r@sina.com.cn'),(137,'United States','94089','Sommers',7,'650-923-6160','akrochmann3s@posterous.com'),(138,'Czech Republic','330 22','Magdeline',1,'938-225-2048','aburdfield3t@is.gd'),(139,'Indonesia',NULL,'Springs',2257,'587-233-3586','gpeeters3u@behance.net'),(140,'Poland','38-213','Maywood',774,'173-502-9595','ppickerill3v@godaddy.com'),(141,'Sweden','501 78','Granby',747,'354-940-0365','hscattergood3w@indiatimes.com'),(142,'Canada','S0H','Melvin',973,'633-493-1954','ecleaves3x@cocolog-nifty.com'),(143,'Poland','82-420','Waubesa',282,'432-328-0322','frichards3y@lycos.com'),(144,'Mexico','66410','Wayridge',9,'154-463-8219','hmccolgan3z@ovh.net'),(145,'Malaysia','40726','Nova',0,'997-229-0668','cfriedman40@zimbio.com'),(146,'Philippines','2408','Nevada',873,'271-306-9719','dsmedmore41@people.com.cn'),(147,'Philippines','5032','Bonner',15,'353-445-0141','apittway42@indiegogo.com'),(148,'China',NULL,'Blackbird',22773,'517-125-0147','ajanning43@dailymotion.com'),(149,'Azerbaijan',NULL,'Warrior',3391,'367-365-8264','lnardrup44@adobe.com'),(150,'China',NULL,'Tomscot',3,'118-430-2752','sgentreau45@amazon.co.jp'),(151,'Russia','172009','Mayfield',36,'344-942-2189','fcollens46@nydailynews.com'),(152,'Democratic Republic of the Congo',NULL,'Northridge',8651,'106-225-3374','dcaff47@diigo.com'),(153,'Philippines','3807','Farwell',9,'577-793-4737','nminnock48@drupal.org'),(154,'China',NULL,'Mccormick',26,'508-415-8892','plooney49@yahoo.com'),(155,'Namibia',NULL,'Kensington',7382,'708-642-1971','dskillman4a@slashdot.org'),(156,'Nigeria',NULL,'Florence',9871,'850-540-8320','acesco4b@mit.edu'),(157,'Thailand','14150','Corry',3289,'232-743-6814','aruit4c@google.co.uk'),(158,'China',NULL,'Acker',578,'136-139-8493','dwhiting4d@usgs.gov'),(159,'Canada','J4X','Westridge',60150,'472-142-4565','acosta4e@wordpress.com'),(160,'Ireland','V31','Forest Run',18337,'987-923-2028','livoshin4f@craigslist.org'),(161,'China',NULL,'Manufacturers',27215,'983-379-9929','alowers4g@tinyurl.com'),(162,'Kazakhstan',NULL,'Loeprich',86871,'457-925-7479','zconaghy4h@ezinearticles.com'),(163,'China',NULL,'Burrows',7,'202-265-1902','boakenfull4i@mtv.com'),(164,'Sweden','801 84','Reinke',68,'395-588-4249','malbertson4j@diigo.com'),(165,'Malta','ZTN','Jay',38,'233-139-8189','fblaine4k@eventbrite.com'),(166,'Djibouti',NULL,'Bellgrove',12,'469-481-3101','hboffin4l@yandex.ru'),(167,'Russia','450075','Sherman',34,'454-346-9310','lrolfi4m@tripadvisor.com'),(168,'Philippines','6802','Pepper Wood',29117,'498-713-8454','mrisom4n@toplist.cz'),(169,'Saudi Arabia',NULL,'Moose',4,'654-772-2236','lmactavish4o@imdb.com'),(170,'Spain','30394','Marcy',9,'357-176-8989','gmarkwick4p@merriam-webster.com'),(171,'Ukraine',NULL,'Arrowood',317,'106-654-0621','mslane4q@1688.com'),(172,'Brazil','44850-000','Truax',6749,'239-982-2820','wcastleton4r@cargocollective.com'),(173,'Indonesia',NULL,'Merry',5584,'204-438-3659','emashro4s@timesonline.co.uk'),(174,'France','62304 CEDEX','Oriole',9,'761-334-8969','ldelmonti4t@dailymail.co.uk'),(175,'Colombia','152219','Gerald',1580,'205-842-3072','aevensden4u@webeden.co.uk'),(176,'Finland','76150','Mayer',6,'468-500-9020','mperutto4v@mysql.com'),(177,'China',NULL,'Annamark',372,'725-176-1326','bmarvell4w@istockphoto.com'),(178,'Argentina','4142','Waywood',35218,'557-295-1702','fdeye4x@umn.edu'),(179,'Ukraine',NULL,'Forest Run',5,'190-635-3460','skarys4y@exblog.jp'),(180,'Tanzania',NULL,'Continental',1,'644-822-8042','wspearing4z@pagesperso-orange.fr'),(181,'Indonesia',NULL,'Coolidge',73,'492-221-2583','awretham50@opera.com'),(182,'China',NULL,'Moulton',2,'279-789-0093','cdanslow51@biblegateway.com'),(183,'Colombia','523528','La Follette',81,'569-543-1857','mcochet52@1688.com'),(184,'China',NULL,'Sauthoff',5,'826-880-9509','mseery53@marriott.com'),(185,'Indonesia',NULL,'Pepper Wood',1411,'685-956-8527','sdosdill54@clickbank.net'),(186,'Mexico','36352','Marquette',13996,'932-524-5176','glatorre55@simplemachines.org'),(187,'Philippines','4031','Northridge',16496,'573-540-9658','skingham56@uiuc.edu'),(188,'Canada','X0G','Southridge',2,'166-662-4978','hgotobed57@japanpost.jp'),(189,'Russia','369236','Gale',8,'662-715-3475','mkalkhoven58@themeforest.net'),(190,'Sweden','721 19','Alpine',48496,'169-722-3107','vhegden59@photobucket.com'),(191,'Sweden','404 22','Hagan',0,'219-965-9846','ndemiranda5a@cbsnews.com'),(192,'Indonesia',NULL,'Golf Course',3425,'311-210-8157','khalsted5b@boston.com'),(193,'Portugal','4785-228','Homewood',12,'484-753-1566','bwarboys5c@slate.com'),(194,'United States','76115','Bellgrove',5,'682-550-7325','kbastick5d@huffingtonpost.com'),(195,'China',NULL,'Caliangt',85304,'219-747-4086','rjanczewski5e@boston.com'),(196,'China',NULL,'Lotheville',45,'130-894-4202','itanguy5f@apple.com'),(197,'Ukraine',NULL,'Talisman',37347,'959-392-8113','hjoriot5g@tmall.com'),(198,'France','53009 CEDEX','Vidon',60506,'536-539-6165','epolini5h@desdev.cn'),(199,'Tanzania',NULL,'Stang',13,'270-309-5957','sgraundisson5i@eepurl.com'),(200,'Czech Republic','439 23','Veith',39,'390-461-3977','hnoteyoung5j@yahoo.co.jp'),(201,'Portugal','6285-105','Fisk',326,'149-569-4971','hmcneilley5k@redcross.org'),(202,'Greece',NULL,'New Castle',0,'214-944-8575','mpettinger5l@google.ru'),(203,'Kazakhstan',NULL,'Randy',45,'703-109-4283','nrashleigh5m@walmart.com'),(204,'Croatia','10419','Brown',97,'661-808-7148','bconnechy5n@naver.com'),(205,'Mexico','88980','Larry',2521,'700-572-7226','lbenedick5o@geocities.jp'),(206,'Thailand','60000','Dryden',0,'682-499-9533','ndegouy5p@archive.org'),(207,'Philippines','4211','Briar Crest',738,'184-995-3315','jpunchard5q@ft.com'),(208,'Syria',NULL,'Monument',1,'798-576-1415','hhymer5r@howstuffworks.com'),(209,'United States','15240','Havey',2,'412-517-8161','evenart5s@mozilla.com'),(210,'China',NULL,'Southridge',6,'956-367-4510','ldransfield5t@yolasite.com'),(211,'Brazil','27300-000','Golden Leaf',3,'474-936-7440','djanouch5u@google.com.au'),(212,'Portugal','2630-505','Lakeland',8574,'836-120-3834','cadicot5v@tuttocitta.it'),(213,'Syria',NULL,'Cardinal',82588,'489-966-4995','lsiccombe5w@webnode.com'),(214,'Austria','8160','Manitowish',97244,'698-942-8034','mcearley5x@mlb.com'),(215,'Argentina','3200','Steensland',3,'411-702-9453','ihouldcroft5y@lulu.com'),(216,'Indonesia',NULL,'Havey',435,'841-149-4056','abutlerbowdon5z@csmonitor.com'),(217,'Indonesia',NULL,'Dapin',2,'703-826-3491','gbarens60@dailymotion.com'),(218,'Tanzania',NULL,'Spenser',802,'810-951-8027','aalleyn61@rediff.com'),(219,'Argentina','5935','Macpherson',67857,'939-933-4111','rhumbert62@ustream.tv'),(220,'Dominican Republic','11102','Harbort',8587,'884-707-7605','llemoucheux63@behance.net'),(221,'Russia','618206','Dapin',6129,'769-155-8055','rsaffen64@google.cn'),(222,'Paraguay',NULL,'Lyons',4423,'871-896-1866','cnewburn65@csmonitor.com'),(223,'Namibia',NULL,'Sachs',890,'966-433-3726','rronayne66@ihg.com'),(224,'China',NULL,'Declaration',6,'687-862-2409','ibulcroft67@ftc.gov'),(225,'Peru',NULL,'American',99616,'985-776-6992','cgeare68@paypal.com'),(226,'Indonesia',NULL,'Claremont',68,'840-228-2548','bworld69@squarespace.com'),(227,'Brazil','99500-000','Ridgeway',587,'456-953-8022','sallgood6a@washingtonpost.com'),(228,'Philippines','3605','Sloan',815,'930-869-2036','gloftin6b@unicef.org'),(229,'Haiti',NULL,'Haas',394,'784-945-4936','dnowland6c@icio.us'),(230,'Portugal','3405-605','Mesta',82034,'973-269-8454','awimmers6d@illinois.edu'),(231,'Morocco',NULL,'Novick',6,'906-738-6259','abliss6e@clickbank.net'),(232,'South Africa','7090','Southridge',503,'939-719-1239','tchazier6f@ovh.net'),(233,'Russia','664082','Pankratz',4413,'676-701-4767','jmungham6g@google.de'),(234,'China',NULL,'Packers',315,'457-455-6915','nsturt6h@canalblog.com'),(235,'United States','10175','Almo',397,'212-424-2860','akadwallider6i@nytimes.com'),(236,'China',NULL,'Northview',808,'121-140-5058','dwhetnall6j@patch.com'),(237,'Poland','26-625','Pierstorff',8988,'877-929-3901','bkelcher6k@dagondesign.com'),(238,'Chad',NULL,'Logan',2,'426-716-0094','vchivrall6l@berkeley.edu'),(239,'Indonesia',NULL,'Porter',9885,'458-748-6080','bseine6m@merriam-webster.com'),(240,'Indonesia',NULL,'Emmet',88,'298-692-7237','kdevey6n@paypal.com'),(241,'Greece',NULL,'Comanche',34,'338-781-2177','adacks6o@amazon.com'),(242,'Tajikistan',NULL,'Eliot',93709,'872-223-7615','lgarfitt6p@princeton.edu'),(243,'Canada','V9C','Merry',68,'349-309-1004','tanning6q@google.com.au'),(244,'Portugal','2825-884','Shopko',97540,'933-301-0609','bschwander6r@t.co'),(245,'Indonesia',NULL,'Harper',95,'839-328-4666','mjaslem6s@fastcompany.com'),(246,'Ukraine',NULL,'Messerschmidt',35,'982-897-6281','atownes6t@comsenz.com'),(247,'Philippines','1960','Fremont',83,'273-768-2811','mclem6u@mayoclinic.com'),(248,'Indonesia',NULL,'Kings',3369,'784-661-1000','amarsh6v@woothemes.com'),(249,'Indonesia',NULL,'Rieder',9,'979-169-2640','hmacknight6w@java.com'),(250,'China',NULL,'Scott',4,'947-309-1540','lalenichicov6x@squarespace.com'),(251,'Japan','707-0112','Division',6290,'300-492-3864','kivimey6y@bbb.org'),(252,'Indonesia',NULL,'Cody',4165,'552-716-3094','cpadula6z@bbb.org'),(253,'China',NULL,'Magdeline',65,'549-956-1878','bmoran70@virginia.edu'),(254,'South Korea',NULL,'Kingsford',72,'876-209-6671','cfozzard71@discuz.net'),(255,'France','92056 CEDEX','Hallows',42,'140-585-8076','bbelshaw72@kickstarter.com'),(256,'Nigeria',NULL,'Bartelt',25,'830-868-2872','dsuthren73@squidoo.com'),(257,'El Salvador',NULL,'Birchwood',786,'324-640-9494','craubheim74@example.com'),(258,'China',NULL,'Fair Oaks',22,'842-560-5836','vsolomonides75@ebay.co.uk'),(259,'Indonesia',NULL,'Knutson',25,'359-486-3591','gsander76@aol.com'),(260,'Czech Republic','593 01','Anniversary',5581,'770-150-3299','ahaddick77@boston.com'),(261,'Indonesia',NULL,'Petterle',2,'379-578-0528','rfillis78@state.gov'),(262,'China',NULL,'Onsgard',955,'339-154-3620','ndeas79@pcworld.com'),(263,'Sweden','262 65','Sunnyside',7650,'937-417-0861','mwixey7a@chronoengine.com'),(264,'Philippines','7209','Ridgeview',4,'251-779-0724','frishbrook7b@cargocollective.com'),(265,'Greece',NULL,'Transport',91,'162-146-7552','qbutler7c@harvard.edu'),(266,'Libya',NULL,'Loomis',9182,'371-763-2988','abarnhart7d@cpanel.net'),(267,'Ukraine',NULL,'Donald',4208,'851-101-6828','dhixson7e@ucoz.com'),(268,'France','23009 CEDEX','Hollow Ridge',5920,'919-551-5726','amcleese7f@facebook.com'),(269,'Ireland','F35','School',62,'568-867-0478','mmardlin7g@auda.org.au'),(270,'Russia','396730','Drewry',427,'211-511-5164','kbirchall7h@networksolutions.com'),(271,'China',NULL,'Warbler',5,'682-264-8444','rpauly7i@digg.com'),(272,'China',NULL,'Portage',7,'132-851-8751','fpettet7j@businesswire.com'),(273,'Indonesia',NULL,'Sage',88423,'961-260-7578','dcarryer7k@alexa.com'),(274,'Philippines','6711','Arkansas',4327,'213-246-2320','jmenichi7l@zdnet.com'),(275,'Costa Rica','10802','Charing Cross',4752,'804-450-9885','mshalders7m@liveinternet.ru'),(276,'Indonesia',NULL,'Banding',35237,'190-180-5071','dberetta7n@ameblo.jp'),(277,'Philippines','4103','Gulseth',576,'342-268-3546','lwilfing7o@mayoclinic.com'),(278,'United States','95818','Cottonwood',29,'916-298-3438','gpessold7p@yahoo.co.jp'),(279,'Russia','667999','Hoepker',50066,'136-722-7016','gfifield7q@nature.com'),(280,'France','67200','Debra',1260,'403-395-0638','jbrittain7r@sakura.ne.jp'),(281,'Indonesia',NULL,'Colorado',9,'767-485-7101','zlothean7s@house.gov'),(282,'Indonesia',NULL,'Browning',7947,'273-878-7197','snitti7t@storify.com'),(283,'Russia','238323','Debra',1104,'588-441-3666','bbubbins7u@sciencedaily.com'),(284,'Luxembourg','L-8069','Annamark',35,'357-844-0157','esoall7v@amazon.de'),(285,'China',NULL,'Mallory',97,'227-729-9603','blindeboom7w@google.ru'),(286,'Democratic Republic of the Congo',NULL,'Merrick',25933,'852-249-3242','wtilburn7x@abc.net.au'),(287,'United States','50981','Graceland',5,'515-834-8270','rocheltree7y@patch.com'),(288,'Indonesia',NULL,'Havey',876,'804-184-6937','bcoit7z@bloomberg.com'),(289,'Philippines','6700','Rusk',686,'251-435-4081','opounds80@gizmodo.com'),(290,'China',NULL,'Merchant',9095,'703-861-2842','deat81@4shared.com'),(291,'China',NULL,'Forster',839,'735-869-4259','awheelton82@blinklist.com'),(292,'Mexico','87326','Grasskamp',9,'806-950-2694','nlinke83@i2i.jp'),(293,'China',NULL,'Stoughton',309,'743-670-5144','egouldie84@sciencedirect.com'),(294,'Azerbaijan',NULL,'Derek',20,'454-497-3174','lthecham85@ehow.com'),(295,'China',NULL,'Sage',1,'183-911-6369','mklesse86@boston.com'),(296,'Poland','32-031','Spohn',3379,'824-884-0399','odusting87@kickstarter.com'),(297,'Sweden','461 91','Knutson',5298,'365-158-5964','inussgen88@mozilla.org'),(298,'Yemen',NULL,'4th',13,'105-329-1249','ddewerk89@blog.com'),(299,'Sweden','633 42','2nd',2,'224-369-0762','cbliss8a@upenn.edu'),(300,'Namibia',NULL,'Morningstar',157,'581-713-0649','mseathwright8b@google.com'),(301,'Colombia','861088','6th',2,'507-209-2198','jcrump8c@furl.net'),(302,'Ukraine',NULL,'Monica',564,'552-613-5601','gdinnington8d@fc2.com'),(303,'Russia','143082','Morning',973,'306-250-3903','cbuttel8e@macromedia.com'),(304,'Nigeria',NULL,'1st',3846,'643-510-2745','nhawksworth8f@shinystat.com'),(305,'Philippines','4023','Village Green',3,'710-501-5142','tbrik8g@berkeley.edu'),(306,'Poland','11-102','Redwing',7,'305-729-9416','mmalinowski8h@boston.com'),(307,'Philippines','1470','Dwight',5,'286-496-9020','ddawton8i@uiuc.edu'),(308,'China',NULL,'Graedel',86889,'391-955-9162','druffell8j@nih.gov'),(309,'Russia','185035','Dayton',37374,'582-816-6511','emacvicar8k@ted.com'),(310,'Oman',NULL,'Twin Pines',86367,'978-280-4258','domannion8l@cornell.edu'),(311,'Bulgaria','5145','Killdeer',2411,'429-982-8562','wjeynes8m@1und1.de'),(312,'Portugal','1495-701','Fuller',338,'111-588-0792','khyder8n@google.com.hk'),(313,'Ireland','A96','Dovetail',70116,'325-491-5817','dwilkennson8o@tamu.edu'),(314,'Indonesia',NULL,'Knutson',888,'528-777-4456','asatterfitt8p@networkadvertising.org'),(315,'France','44094 CEDEX 1','Warner',598,'286-693-3019','gadamovich8q@kickstarter.com'),(316,'Dominican Republic','11809','Onsgard',19,'494-807-0568','tharte8r@businessinsider.com'),(317,'Dominican Republic','11705','Tomscot',8161,'286-411-9066','acarcas8s@mit.edu'),(318,'Chile',NULL,'Sutherland',23337,'380-148-2220','boboy8t@oracle.com'),(319,'Thailand','61150','Sugar',470,'998-654-3459','wkelner8u@odnoklassniki.ru'),(320,'Sweden','441 92','Lotheville',29809,'371-801-4801','vcampa8v@bbb.org'),(321,'China',NULL,'Briar Crest',73,'156-575-0675','iswale8w@ted.com'),(322,'Thailand','30150','Colorado',58529,'871-359-6098','mscopham8x@bing.com'),(323,'Portugal','2620-005','Fuller',21,'777-191-7906','tstrut8y@google.co.uk'),(324,'China',NULL,'Dovetail',400,'451-139-3821','aparkes8z@gov.uk'),(325,'China',NULL,'Reinke',9085,'451-588-7679','cbodd90@dot.gov'),(326,'Finland','20960','Lighthouse Bay',9,'956-346-0471','jheaney91@noaa.gov'),(327,'Zambia',NULL,'Manley',9,'157-114-4141','lcastiello92@fema.gov'),(328,'Brazil','95650-000','Mitchell',48,'689-220-4844','mminshaw93@exblog.jp'),(329,'United States','81505','Hazelcrest',307,'970-947-6921','cdennert94@mysql.com'),(330,'Brazil','88385-000','Forest Dale',150,'864-886-8237','cfallows95@dot.gov'),(331,'Thailand','50120','Manitowish',89,'750-674-4875','akelk96@yale.edu'),(332,'Portugal','3330-304','Browning',74,'486-670-1720','rtomasi97@sphinn.com'),(333,'Poland','13-230','Stuart',81,'704-190-1630','sswaisland98@accuweather.com'),(334,'Philippines','6113','Lerdahl',48,'650-393-7340','alermouth99@istockphoto.com'),(335,'Russia','242791','Declaration',237,'736-178-1839','trymour9a@yahoo.com'),(336,'New Zealand','4545','Marquette',0,'527-856-3434','yvowdon9b@mysql.com'),(337,'Indonesia',NULL,'Cambridge',7706,'191-934-5939','meberdt9c@sciencedirect.com'),(338,'Sweden','302 70','Kropf',5303,'126-705-7557','kcarmo9d@baidu.com'),(339,'Brazil','65712-000','Becker',858,'171-840-3403','lsiddele9e@theatlantic.com'),(340,'Serbia',NULL,'7th',52902,'230-380-4774','cmcaneny9f@bbb.org'),(341,'Ghana',NULL,'Fairfield',0,'458-793-3750','fjennens9g@bbb.org'),(342,'China',NULL,'Fairfield',95581,'441-624-9313','beveleigh9h@bravesites.com'),(343,'Peru',NULL,'Bonner',6,'353-342-7221','lcridland9i@dailymotion.com'),(344,'Indonesia',NULL,'2nd',0,'100-713-2874','dboal9j@github.com'),(345,'Italy','90129','Tennyson',38651,'816-859-1686','ehorrigan9k@amazon.de'),(346,'China',NULL,'Donald',8,'923-320-2870','mwilsher9l@aboutads.info'),(347,'Togo',NULL,'Derek',423,'951-809-9731','kaaronsohn9m@eventbrite.com'),(348,'China',NULL,'Truax',4,'504-973-9791','mrohmer9n@ted.com'),(349,'Panama',NULL,'Glendale',51,'254-504-8242','swillacot9o@google.co.jp'),(350,'Portugal','2415-177','Messerschmidt',1205,'929-626-4032','sedmondson9p@mysql.com'),(351,'Sri Lanka','11550','Jay',868,'557-856-4681','hduesbury9q@booking.com'),(352,'Czech Republic','683 54','Fallview',22284,'277-333-5683','cnajera9r@time.com'),(353,'Denmark','1291','Golf',8711,'272-716-6799','odebruyn9s@cargocollective.com'),(354,'Uzbekistan',NULL,'1st',406,'539-932-2692','bgallaway9t@mac.com'),(355,'Indonesia',NULL,'Acker',6,'282-292-9490','abutland9u@mlb.com'),(356,'Croatia','33405','Hallows',83,'349-321-8815','ymournian9v@altervista.org'),(357,'Czech Republic','664 56','Fieldstone',5848,'526-864-7577','nearles9w@epa.gov'),(358,'United States','46295','Oxford',41,'317-648-4717','bredmell9x@cafepress.com'),(359,'Mauritius',NULL,'Hoffman',99989,'338-724-1740','acousans9y@sbwire.com'),(360,'Ireland','P24','Dexter',206,'154-274-3087','krosencrantz9z@businesswire.com'),(361,'China',NULL,'Mcguire',2,'246-116-0454','hlascella0@forbes.com'),(362,'Luxembourg','L-8711','Annamark',2318,'620-516-4363','rdanilina1@flickr.com'),(363,'Mexico','51009','1st',8531,'830-417-4950','gsabina2@tiny.cc'),(364,'Guyana',NULL,'Dawn',58,'710-113-7831','mpagrama3@sakura.ne.jp'),(365,'United States','19725','Hoffman',89,'302-355-5682','rrutlanda4@amazon.com'),(366,'Philippines','6704','East',5107,'108-650-1968','ilelanda5@wikia.com'),(367,'Poland','87-201','Randy',68,'608-370-7915','aburdassa6@taobao.com'),(368,'Philippines','8427','Surrey',8829,'993-814-7812','mblenkinshipa7@cornell.edu'),(369,'Russia','157812','Browning',82530,'741-542-6935','kjaya8@patch.com'),(370,'China',NULL,'Southridge',7,'581-405-7537','ldymicka9@yahoo.com'),(371,'China',NULL,'Dunning',1855,'202-523-0932','mconnollyaa@cbslocal.com'),(372,'China',NULL,'Marcy',2,'904-972-5904','nhardawayab@about.com'),(373,'Indonesia',NULL,'Thierer',753,'613-935-3331','lheathcoteac@ca.gov'),(374,'China',NULL,'Caliangt',78441,'517-984-8940','mvliesad@ted.com'),(375,'South Korea',NULL,'Oakridge',1747,'901-683-1898','odillewayae@facebook.com'),(376,'Oman',NULL,'Luster',54762,'746-329-9438','fgwinnettaf@trellian.com'),(377,'Finland','54920','Portage',53,'827-681-0807','nogilvyag@qq.com'),(378,'China',NULL,'Swallow',89,'558-644-4645','mgrisdaleah@myspace.com'),(379,'China',NULL,'Dennis',741,'852-768-3900','kmeardonai@mapquest.com'),(380,'China',NULL,'Memorial',392,'708-751-2704','abodellaj@seesaa.net'),(381,'China',NULL,'1st',9008,'276-738-8698','mseddonak@eventbrite.com'),(382,'China',NULL,'Eastwood',3,'656-671-5294','bcowderoyal@buzzfeed.com'),(383,'Japan','336-0926','Mockingbird',89018,'736-321-0731','zpuddinam@engadget.com'),(384,'Sweden','861 24','Shoshone',6,'542-391-5957','pnittoan@theatlantic.com'),(385,'Mexico','69818','Roxbury',444,'691-440-5167','lvantao@nyu.edu'),(386,'Yemen',NULL,'Waywood',982,'747-797-8239','epetrovykhap@foxnews.com'),(387,'China',NULL,'Montana',54534,'120-176-0303','egoldbournaq@google.com.au'),(388,'Sweden','593 62','Stang',990,'953-765-5609','mnewartear@drupal.org'),(389,'Russia','663580','Barnett',71,'279-108-5929','kluckmanas@imdb.com'),(390,'Croatia','31324','Loftsgordon',90902,'204-342-2506','ritzkovichat@shutterfly.com'),(391,'Brazil','37700-000','Tomscot',392,'775-695-0097','cpretorau@prweb.com'),(392,'Slovenia','2284','Sunnyside',86,'520-930-5408','ccarpmileav@lulu.com'),(393,'China',NULL,'Hayes',91,'789-702-3748','dbeavingtonaw@nbcnews.com'),(394,'Honduras',NULL,'Lighthouse Bay',56406,'774-561-6010','ddrillotax@ihg.com'),(395,'Mexico','48892','Schmedeman',1812,'327-576-6731','bswyreay@biblegateway.com'),(396,'Japan','987-0352','Shoshone',8,'350-994-1714','psnowaz@phoca.cz'),(397,'Philippines','1045','Superior',5298,'804-829-3266','malenb0@apple.com'),(398,'Indonesia',NULL,'Golden Leaf',7,'746-982-5942','yhatleyb1@homestead.com'),(399,'Georgia',NULL,'Lindbergh',1,'789-117-7144','jhanscomeb2@i2i.jp'),(400,'Philippines','6704','Messerschmidt',4779,'853-663-5457','alechelleb3@msu.edu'),(401,'Canada','V9B','Prairieview',1720,'610-277-5780','bduttonb4@list-manage.com'),(402,'China',NULL,'Dorton',332,'440-217-5948','cnowakowskib5@fema.gov'),(403,'Russia','175330','Di Loreto',9,'121-670-9453','abaishb6@aol.com'),(404,'China',NULL,'Riverside',963,'947-563-5130','bfranschinib7@un.org'),(405,'Peru',NULL,'Lighthouse Bay',1942,'889-389-0706','rberringerb8@people.com.cn'),(406,'Philippines','8421','Anzinger',789,'643-647-8255','mnaysheb9@hubpages.com'),(407,'Brazil','45920-000','Burning Wood',5,'751-310-1625','mkropba@mapy.cz'),(408,'Pakistan','66191','Farmco',6,'391-411-0208','mbonifacebb@foxnews.com'),(409,'Sweden','643 92','Lien',74793,'591-686-1701','bfancottbc@noaa.gov'),(410,'China',NULL,'Hallows',30,'971-358-8189','esherwellbd@free.fr'),(411,'China',NULL,'Granby',31192,'708-168-5536','npiccopbe@vk.com'),(412,'Indonesia',NULL,'Springs',8,'980-142-7451','dbasnettbf@yelp.com'),(413,'Portugal','2715-364','Eastwood',99529,'363-777-1590','pnaisbetbg@telegraph.co.uk'),(414,'Poland','27-310','Center',6,'229-156-1442','adurtnallbh@umn.edu'),(415,'China',NULL,'Goodland',3509,'803-747-7095','mcozensbi@loc.gov'),(416,'Nicaragua',NULL,'Starling',31,'240-446-1227','hdibbebj@amazon.co.uk'),(417,'Sweden','591 05','Bonner',7341,'293-421-4787','mkidmanbk@newsvine.com'),(418,'China',NULL,'Pankratz',3705,'124-860-0841','cstrassbl@cisco.com'),(419,'Portugal','2860-278','Waubesa',8621,'572-380-7975','sticksallbm@hubpages.com'),(420,'Pakistan','67321','Village',88149,'591-578-8936','bbangleybn@tiny.cc'),(421,'China',NULL,'Reindahl',7164,'782-566-2941','agrishanovbo@spiegel.de'),(422,'Iran',NULL,'Monica',191,'531-428-1017','ddonisibp@parallels.com'),(423,'Morocco',NULL,'Schurz',5143,'605-941-7973','jbondybq@yelp.com'),(424,'China',NULL,'Cambridge',74418,'706-641-1676','aspriddlebr@unesco.org'),(425,'Uzbekistan',NULL,'Pond',134,'818-932-7156','dbelsonbs@g.co'),(426,'Kazakhstan',NULL,'Jana',559,'541-199-5527','dbeedenbt@gnu.org'),(427,'Colombia','444008','Sunnyside',45630,'397-402-5005','livanishinbu@ifeng.com'),(428,'Brazil','28360-000','Golf',230,'948-619-7500','jwallingbv@bloglovin.com'),(429,'China',NULL,'Mitchell',79,'991-601-8366','swinterscalebw@linkedin.com'),(430,'China',NULL,'Logan',53,'829-125-5501','mchooterbx@buzzfeed.com'),(431,'China',NULL,'Corben',57873,'841-782-3873','cfakeby@weebly.com'),(432,'Chile',NULL,'Farwell',8,'214-618-8071','mwesternbz@rakuten.co.jp'),(433,'China',NULL,'Randy',90348,'999-408-1189','rsalkeldc0@macromedia.com'),(434,'China',NULL,'Merchant',58200,'647-589-8624','ckynclc1@independent.co.uk'),(435,'South Africa','3185','Acker',163,'302-736-3262','cendec2@buzzfeed.com'),(436,'France','68092 CEDEX 2','Morning',980,'426-924-0371','rrixc3@acquirethisname.com'),(437,'China',NULL,'Lillian',85530,'673-392-7498','nhelliwellc4@census.gov'),(438,'Indonesia',NULL,'Corben',70262,'377-940-7966','bheatleyc5@slate.com'),(439,'Philippines','5034','Sachs',3,'274-394-6395','hiveryc6@guardian.co.uk'),(440,'Mexico','71161','Golden Leaf',5833,'755-243-9944','rbreesec7@jimdo.com'),(441,'Indonesia',NULL,'Starling',3,'120-492-5010','wrappoportc8@intel.com'),(442,'Panama',NULL,'Killdeer',61714,'512-278-5452','lgatissc9@salon.com'),(443,'Japan','999-2256','Manufacturers',1,'826-264-4199','vcorpsca@creativecommons.org'),(444,'Philippines','6224','Tony',302,'134-312-7994','klaviellecb@deliciousdays.com'),(445,'Indonesia',NULL,'Golf',126,'642-870-5052','asailecc@noaa.gov'),(446,'China',NULL,'Huxley',5,'176-585-4487','dmasterscd@psu.edu'),(447,'France','77794 CEDEX','Everett',1,'680-884-5202','vortasce@baidu.com'),(448,'Chile',NULL,'Spenser',5876,'486-523-5875','hbufferycf@mit.edu'),(449,'Norway','8010','Schiller',839,'370-540-3209','awhiskercg@sakura.ne.jp'),(450,'Poland','32-340','Dixon',66,'271-931-7499','acollidgech@tuttocitta.it'),(451,'Brazil','29800-000','Bluejay',2,'626-240-0740','gsatfordci@ftc.gov'),(452,'Mexico','30560','Heath',35,'996-783-6551','athayrecj@wikia.com'),(453,'China',NULL,'Declaration',92819,'371-310-7146','ylongstaffck@tripod.com'),(454,'Russia','346020','Carberry',51,'848-597-6263','wrodgercl@pinterest.com'),(455,'Bolivia',NULL,'Calypso',947,'911-787-0156','pcasirolicm@youtube.com'),(456,'China',NULL,'Caliangt',763,'761-146-1387','dwoolastoncn@chron.com'),(457,'Mexico','87086','Kropf',61024,'940-324-1093','ysiggsco@facebook.com'),(458,'Philippines','9805','Swallow',69011,'832-524-8685','cjobernecp@soup.io'),(459,'China',NULL,'Hollow Ridge',87,'138-342-2609','erenvoisecq@t.co'),(460,'Morocco',NULL,'Hayes',20346,'230-788-4696','jbellsoncr@timesonline.co.uk'),(461,'Pakistan','69060','Clemons',90514,'499-703-5465','mkinigcs@shareasale.com'),(462,'China',NULL,'Pawling',9,'412-344-6591','bhaulkhamct@reuters.com'),(463,'United Kingdom','DN21','Summit',72139,'309-138-3777','wbunstoncu@delicious.com'),(464,'Poland','32-860','Lillian',1,'642-706-5089','cciottoicv@jigsy.com'),(465,'Indonesia',NULL,'Continental',43,'341-367-2689','cmogercw@hatena.ne.jp'),(466,'China',NULL,'Veith',97940,'828-351-6959','hnewittcx@cornell.edu'),(467,'Belarus',NULL,'Prentice',6,'289-715-0731','ndrillingcourtcy@gizmodo.com'),(468,'China',NULL,'Ridgeview',1130,'820-818-0747','relmhirstcz@spotify.com'),(469,'Indonesia',NULL,'Marcy',109,'700-250-8733','rjumonetd0@hexun.com'),(470,'Uganda',NULL,'Lukken',688,'273-769-6715','alonglandd1@unesco.org'),(471,'Brazil','65590-000','Claremont',54084,'357-358-3497','cblewettd2@army.mil'),(472,'China',NULL,'Pankratz',53,'459-345-8517','saimerd3@amazon.de'),(473,'China',NULL,'Ohio',9,'158-162-8218','nnesterd4@tuttocitta.it'),(474,'Tunisia',NULL,'Hudson',610,'200-683-7552','btolossid5@sphinn.com'),(475,'Brazil','39480-000','Loeprich',3058,'588-386-5559','lgiacomazzod6@zimbio.com'),(476,'Morocco',NULL,'Stang',7,'315-451-7934','alindbladd7@cpanel.net'),(477,'Madagascar',NULL,'Dwight',21,'597-238-2666','rvermand8@apache.org'),(478,'Cuba',NULL,'Victoria',2,'889-413-4085','jtolottid9@mozilla.org'),(479,'Albania',NULL,'Petterle',8,'357-490-3587','jcunningtonda@vkontakte.ru'),(480,'Argentina','2600','Knutson',36,'272-808-6756','dmallendb@state.gov'),(481,'Indonesia',NULL,'Kipling',55,'581-482-0177','bgaytondc@simplemachines.org'),(482,'Russia','618870','Bowman',9,'694-921-1974','wvealldd@redcross.org'),(483,'Papua New Guinea',NULL,'Annamark',723,'642-125-6306','ksotworthde@spiegel.de'),(484,'Russia','391360','Clove',4644,'482-299-4205','colpindf@marriott.com'),(485,'Indonesia',NULL,'Jenifer',9524,'218-418-4035','lwoodburndg@tumblr.com'),(486,'China',NULL,'Algoma',7,'477-447-9937','bchesselldh@quantcast.com'),(487,'Russia','353827','Rigney',5,'726-507-5331','gbarmbydi@theglobeandmail.com'),(488,'Indonesia',NULL,'Hansons',5,'460-375-9737','ealbonedj@mediafire.com'),(489,'Tanzania',NULL,'Monterey',25,'299-256-8132','bseebrightdk@hexun.com'),(490,'Malaysia','15630','Westport',349,'942-914-4060','hmasterdl@flickr.com'),(491,'Hungary','7610','Kensington',23,'499-203-3326','coteaguedm@twitpic.com'),(492,'Philippines','7037','Almo',3790,'703-644-7208','bhargrovesdn@myspace.com'),(493,'Poland','27-580','Grim',92,'321-909-9027','nallnattdo@goo.ne.jp'),(494,'Pakistan','57301','Manufacturers',6097,'565-678-2800','mtreffreydp@drupal.org'),(495,'Brazil','95180-000','Lerdahl',0,'513-336-9432','dswettenhamdq@wikipedia.org'),(496,'Zambia',NULL,'Packers',9698,'325-400-0247','jelphickdr@over-blog.com'),(497,'Sweden','273 30','Chive',8,'149-668-8610','lalends@lycos.com'),(498,'China',NULL,'Randy',45652,'487-115-3656','cvedmoredt@census.gov'),(499,'China',NULL,'South',9411,'184-486-1254','htinmandu@plala.or.jp'),(500,'Myanmar',NULL,'Welch',5,'470-928-3300','chadrilldv@businessinsider.com'),(501,'China',NULL,'Armistice',1024,'128-994-1668','glangcastledw@yandex.ru'),(502,'Russia','361524','Almo',599,'534-859-9677','kcopcotedx@census.gov'),(503,'Russia','665222','Tennessee',23023,'323-380-8418','mferrarellody@netlog.com'),(504,'Tanzania',NULL,'Pankratz',9458,'166-278-6747','dandreichikdz@tumblr.com'),(505,'China',NULL,'Old Gate',6,'976-112-4053','cockwelle0@sciencedaily.com'),(506,'China',NULL,'Darwin',726,'553-849-5445','mbarchrameeve1@sphinn.com'),(507,'Indonesia',NULL,'Southridge',9429,'256-150-1374','jdimnagee2@ebay.co.uk'),(508,'Jordan',NULL,'Park Meadow',36,'949-819-3599','callewaye3@ebay.co.uk'),(509,'Indonesia',NULL,'Clove',471,'647-281-0774','ressame4@seesaa.net'),(510,'Malaysia','91030','Luster',1402,'133-932-0496','gtaberte5@wsj.com'),(511,'South Korea',NULL,'Gina',20,'274-679-9670','czealandere6@elegantthemes.com'),(512,'Russia','659434','Magdeline',333,'493-304-3852','rcockette7@soup.io'),(513,'Philippines','2731','Basil',609,'818-936-1088','lsilvermanne8@ucsd.edu'),(514,'Egypt',NULL,'Myrtle',0,'933-556-6313','bbucktharpe9@nasa.gov'),(515,'Panama',NULL,'Dennis',430,'822-555-9708','ahailsea@over-blog.com'),(516,'Ukraine',NULL,'Kedzie',77608,'138-597-3327','bcrollmaneb@addthis.com'),(517,'Mexico','89759','Dakota',86220,'124-258-7218','kwillersonec@wikispaces.com'),(518,'China',NULL,'Sycamore',848,'974-492-3124','bmcquartered@kickstarter.com'),(519,'Russia','249360','Milwaukee',51282,'833-788-3504','vlambaee@ezinearticles.com'),(520,'Philippines','1283','Bluejay',11,'171-549-1376','dfarresef@nih.gov'),(521,'Indonesia',NULL,'Brentwood',59574,'618-138-3776','vdsouzaeg@independent.co.uk'),(522,'China',NULL,'Northview',4731,'521-605-0281','ibelmonteh@com.com'),(523,'Czech Republic','250 66','Mosinee',536,'562-982-6449','dacremanei@cbslocal.com'),(524,'Indonesia',NULL,'Summerview',9,'166-753-9500','cbesantej@mozilla.org'),(525,'Japan','727-0203','Mcguire',962,'818-765-5841','pcollesek@phpbb.com'),(526,'Bulgaria','2137','Linden',7441,'564-825-3574','jdennantel@macromedia.com'),(527,'Peru',NULL,'Straubel',9708,'223-539-8005','fstichallem@foxnews.com'),(528,'Brazil','93180-000','Swallow',2999,'641-833-1287','bharveyen@booking.com'),(529,'China',NULL,'Longview',1596,'936-176-4422','sduncombeeo@ox.ac.uk'),(530,'Republic of the Congo',NULL,'Cascade',562,'914-759-5164','cvedikhovep@marriott.com'),(531,'China',NULL,'Cordelia',927,'614-294-0369','pwaggatteq@google.com.br'),(532,'Colombia','191017','Jackson',7988,'476-915-8526','vgirtoner@xrea.com'),(533,'Philippines','3902','Basil',9,'313-257-7620','thantones@imgur.com'),(534,'China',NULL,'Heath',8723,'926-620-6972','dartheyet@gov.uk'),(535,'Kyrgyzstan',NULL,'Lunder',9,'468-876-0058','gbouleseu@squarespace.com'),(536,'China',NULL,'Union',1,'379-925-7903','rvassev@ycombinator.com'),(537,'Indonesia',NULL,'Dapin',0,'646-371-3866','tbusainew@imageshack.us'),(538,'Portugal','3525-405','Buell',939,'385-897-6078','bbennetonex@vistaprint.com'),(539,'Thailand','74120','Donald',22656,'651-673-3547','mpyattey@newyorker.com'),(540,'Dominican Republic','11205','Dorton',2543,'299-966-5026','esaltmarshez@dmoz.org'),(541,'Honduras',NULL,'Katie',66,'863-414-5931','gwhitelandf0@51.la'),(542,'China',NULL,'Sutherland',7189,'900-446-4524','mthomazetf1@bbc.co.uk'),(543,'Malaysia','30760','Holy Cross',53,'696-452-0635','fbraunrothf2@slate.com'),(544,'Peru',NULL,'Carpenter',27,'614-467-7228','ocapstackf3@posterous.com'),(545,'China',NULL,'4th',51802,'185-547-8492','sdockwraf4@ask.com'),(546,'Japan','997-1204','Hoffman',1,'288-683-1274','kgadsdonf5@t-online.de'),(547,'Philippines','3332','Crownhardt',9,'877-891-8290','dolandaf6@opensource.org'),(548,'Australia','1213','Oakridge',29090,'318-986-0731','kodoireidhf7@cafepress.com'),(549,'Sweden','400 29','Orin',1310,'556-428-8643','lseeksf8@wufoo.com'),(550,'Portugal','4625-608','Swallow',4,'352-924-1236','apeekevoutf9@people.com.cn'),(551,'Honduras',NULL,'Village Green',1,'546-736-3479','fkippaxfa@ustream.tv'),(552,'Philippines','4801','Glendale',514,'140-932-2967','rarunowiczfb@cnn.com'),(553,'Afghanistan',NULL,'East',8,'173-753-9644','mtarnfc@redcross.org'),(554,'France','42809 CEDEX','Rieder',648,'749-508-1603','lfitzgibbonfd@csmonitor.com'),(555,'Kazakhstan',NULL,'Clarendon',614,'388-201-0874','cbissexfe@alibaba.com'),(556,'Norway','5879','Gina',91335,'406-129-8613','othorneloeff@oakley.com'),(557,'Bulgaria','2729','Sachtjen',43,'277-539-6297','dadrainfg@themeforest.net'),(558,'China',NULL,'Riverside',0,'956-343-2634','nplumridgefh@arstechnica.com'),(559,'China',NULL,'Village',48,'653-452-6381','fstealeyfi@theatlantic.com'),(560,'Philippines','3600','Stuart',65,'865-268-3015','wesherwoodfj@com.com'),(561,'Brazil','65790-000','2nd',7,'423-162-7625','ccosgrifffk@reddit.com'),(562,'Portugal','4730-068','Ridgeway',4291,'360-495-0974','dlashmorefl@etsy.com'),(563,'China',NULL,'Derek',8,'885-413-6841','hcancuttfm@behance.net'),(564,'France','91169 CEDEX','Forest Dale',7,'247-287-5247','jpetersfn@ask.com'),(565,'Kosovo',NULL,'Eagle Crest',53036,'153-629-3154','ssesonfo@google.ca'),(566,'Russia','353147','Shoshone',50,'804-848-2122','vcolicotfp@altervista.org'),(567,'China',NULL,'Arrowood',30,'825-688-4831','hrenodenfq@msu.edu'),(568,'China',NULL,'Truax',3836,'545-191-5184','jmartyginfr@homestead.com'),(569,'Gabon',NULL,'Messerschmidt',8775,'922-639-2171','sdearlovefs@phpbb.com'),(570,'Tunisia',NULL,'Londonderry',309,'199-773-6652','bbutfieldft@newsvine.com'),(571,'China',NULL,'Meadow Vale',81,'561-700-1660','pwoodlandsfu@washington.edu'),(572,'Argentina','8208','Jenifer',18,'371-744-3716','cmacelhargefv@si.edu'),(573,'Myanmar',NULL,'Chinook',1,'231-768-0420','gqueyeirofw@chronoengine.com'),(574,'Russia','366904','Iowa',4875,'375-794-3016','pduddinfx@amazon.co.jp'),(575,'Greece',NULL,'Annamark',85204,'216-896-7009','tnicholasfy@pbs.org'),(576,'Iraq',NULL,'Burning Wood',29,'233-667-0519','lsiehardfz@google.ca'),(577,'China',NULL,'Sutteridge',248,'257-828-4859','mbrumbyg0@engadget.com'),(578,'Brazil','23970-000','Sutteridge',969,'862-130-8748','sceelyg1@plala.or.jp'),(579,'Ukraine',NULL,'Dwight',10240,'280-812-6843','lsimunekg2@shop-pro.jp'),(580,'Philippines','8117','Holy Cross',1,'762-969-3022','mbolleg3@weibo.com'),(581,'Portugal','3025-377','Magdeline',1914,'891-235-5315','estruteg4@nifty.com'),(582,'China',NULL,'David',99594,'122-859-5796','afeatherbieg5@free.fr'),(583,'Russia','433710','Prentice',254,'122-149-6531','awrackg6@51.la'),(584,'Uruguay',NULL,'Harbort',61,'539-541-2769','olivzeyg7@aboutads.info'),(585,'Poland','06-323','Bultman',9,'641-442-4623','cgobeaug8@irs.gov'),(586,'Indonesia',NULL,'Twin Pines',2,'326-581-6495','amighelig9@slashdot.org'),(587,'China',NULL,'Marcy',5024,'756-216-4082','tsynderga@1und1.de'),(588,'China',NULL,'Fallview',1,'938-803-4808','nmurdygb@dot.gov'),(589,'Brazil','68650-000','Dottie',1,'182-683-5657','kstreatgc@techcrunch.com'),(590,'China',NULL,'Riverside',9288,'945-562-2677','aphilippetgd@desdev.cn'),(591,'China',NULL,'Starling',9,'503-525-8044','sohogange@nhs.uk'),(592,'France','34087 CEDEX 4','Scoville',7148,'177-247-8782','hgarmentgf@aboutads.info'),(593,'Mayotte','97615','Goodland',74727,'354-869-8188','hmcnellygg@example.com'),(594,'China',NULL,'Haas',88,'761-529-8618','kiannuzzelligh@ed.gov'),(595,'Philippines','5016','Autumn Leaf',8,'339-490-7501','sshilladaygi@diigo.com'),(596,'France','95959 CEDEX 2','Bowman',62801,'598-897-1545','rvarrangj@wunderground.com'),(597,'Syria',NULL,'Walton',13318,'101-965-4000','dmarklowgk@vk.com'),(598,'Indonesia',NULL,'Bluestem',14954,'476-640-2470','jjinagl@jugem.jp'),(599,'France','78604 CEDEX','Spohn',62,'102-794-0911','fhabberjamgm@intel.com'),(600,'China',NULL,'Jay',244,'314-555-3304','hpauwelgn@apache.org'),(601,'Honduras',NULL,'Lakeland',6511,'111-427-4129','pgleesongo@biglobe.ne.jp'),(602,'Malaysia','59800','Amoth',9,'942-945-2588','tdomelowgp@arstechnica.com'),(603,'Philippines','8310','Sycamore',3,'373-132-7463','aarzugq@yolasite.com'),(604,'Sweden','504 75','Mifflin',4,'830-958-6757','doconcannongr@de.vu'),(605,'Kenya',NULL,'Algoma',20322,'323-242-5436','dronnaygs@webnode.com'),(606,'France','30011 CEDEX 4','Wayridge',940,'108-939-3449','bkillengt@furl.net'),(607,'Japan','633-0245','Sutteridge',85,'121-195-6064','etwigggu@youtube.com'),(608,'Democratic Republic of the Congo',NULL,'Laurel',7308,'805-695-1551','aberrisfordgv@jimdo.com'),(609,'Portugal','2540-593','Lawn',8,'253-742-2588','lwathengw@posterous.com'),(610,'Philippines','1805','Milwaukee',923,'210-447-9197','sletchgx@timesonline.co.uk'),(611,'New Zealand','9740','Center',32014,'584-538-6670','mskittrallgy@nymag.com'),(612,'Russia','622052','Boyd',8813,'716-428-1638','fstobbartgz@diigo.com'),(613,'Czech Republic','288 02','Birchwood',22315,'687-570-2547','ppickthallh0@edublogs.org'),(614,'Philippines','8703','Ruskin',78573,'111-867-4072','habbesh1@hc360.com'),(615,'Indonesia',NULL,'2nd',34569,'448-244-1989','jmcdougallh2@reference.com'),(616,'Hungary','7646','Old Gate',320,'713-675-0500','kilymanovh3@shinystat.com'),(617,'Brazil','13960-000','Spohn',7219,'375-489-5030','bsaunierh4@moonfruit.com'),(618,'Sweden','131 88','Waxwing',313,'560-496-0054','beglingtonh5@bloglines.com'),(619,'China',NULL,'Daystar',84,'442-918-2896','fmccaugheyh6@ft.com'),(620,'Nigeria',NULL,'Pawling',1553,'448-531-1823','wgookh7@narod.ru'),(621,'Ecuador',NULL,'Maple Wood',6830,'723-951-6590','gmatushevichh8@godaddy.com'),(622,'China',NULL,'Mesta',66,'668-949-3826','jgossoph9@huffingtonpost.com'),(623,'Russia','140577','Reinke',45031,'613-355-3039','ghallowayha@latimes.com'),(624,'Peru',NULL,'Anzinger',432,'490-619-4823','mpearchhb@home.pl'),(625,'Comoros',NULL,'Northview',817,'638-607-4087','ahunthc@deliciousdays.com'),(626,'Sierra Leone',NULL,'Annamark',644,'665-484-1099','esiggeehd@sogou.com'),(627,'China',NULL,'Muir',20,'591-787-4675','owildehe@lycos.com'),(628,'Argentina','5419','Golf',453,'614-827-0110','dhaughinhf@fda.gov'),(629,'Serbia',NULL,'Canary',6,'997-380-3166','glaffinhg@wordpress.com'),(630,'Portugal','9760-016','Columbus',420,'774-178-8699','spahlssonhh@pbs.org'),(631,'Finland','23501','Holy Cross',10,'563-875-1747','hzmitrovichhi@nytimes.com'),(632,'China',NULL,'Dryden',22,'627-811-4281','abogeyhj@scribd.com'),(633,'Malaysia','40460','Hermina',80,'803-150-8879','rdeerehk@drupal.org'),(634,'Pakistan','67131','Washington',6963,'962-459-1620','ldunwoodyhl@vistaprint.com'),(635,'China',NULL,'Warbler',2050,'621-447-1516','blowrehm@about.com'),(636,'Mongolia',NULL,'Springview',1,'669-241-5764','nrayerhn@eventbrite.com'),(637,'Indonesia',NULL,'Clyde Gallagher',6865,'259-961-4433','cwarnockho@surveymonkey.com'),(638,'Sweden','124 22','Crowley',36297,'196-320-3482','opaolaccihp@springer.com'),(639,'Greece',NULL,'Bowman',1015,'830-387-9691','dhutchencehq@edublogs.org'),(640,'United States','60681','Hagan',89898,'312-325-8763','kloyndonhr@goodreads.com'),(641,'Argentina','4326','Center',402,'181-698-3180','imacdavitths@mlb.com'),(642,'Iran',NULL,'Memorial',7,'122-849-8255','sbilsfordht@si.edu'),(643,'Philippines','3605','Spohn',895,'744-928-2361','rjewarhu@discovery.com'),(644,'Colombia','055018','Melvin',8,'700-167-3627','fmenauteauhv@ifeng.com'),(645,'Poland','63-510','Del Sol',451,'455-591-6451','feltringhamhw@amazon.de'),(646,'Germany','22559','Anniversary',5,'809-136-5558','awestriphx@wikispaces.com'),(647,'Indonesia',NULL,'Linden',439,'587-956-0694','tbladenhy@toplist.cz'),(648,'Poland','72-500','Farwell',57,'323-826-4903','lbyrdehz@amazon.co.uk'),(649,'Sweden','692 81','Holmberg',92662,'206-249-4985','iroddami0@nytimes.com'),(650,'Afghanistan',NULL,'Annamark',5,'514-271-6977','thaitliei1@theguardian.com'),(651,'Japan','929-0323','Crowley',2206,'935-384-4123','tmarcinkusi2@house.gov'),(652,'France','80075 CEDEX 1','Killdeer',37611,'439-404-4631','rhowcrofti3@webmd.com'),(653,'Indonesia',NULL,'Moulton',9,'880-657-4275','emccombi4@qq.com'),(654,'Portugal','3500-548','Logan',0,'489-108-7916','gbristoei5@com.com'),(655,'Tanzania',NULL,'Hanson',818,'290-790-6764','lewerti6@phpbb.com'),(656,'Iran',NULL,'Chive',7,'435-878-3767','bburnetti7@webnode.com'),(657,'Malawi',NULL,'Hansons',28036,'896-442-1018','tbiddlestonei8@newsvine.com'),(658,'Pakistan','38860','Hoepker',232,'446-588-3313','skelshawi9@timesonline.co.uk'),(659,'United States','94159','Schmedeman',382,'415-224-5728','dbyfordia@hud.gov'),(660,'China',NULL,'Park Meadow',3373,'501-648-2763','mbeedonib@ucoz.com'),(661,'France','84147 CEDEX','Swallow',433,'789-349-7825','fcrosselandic@nytimes.com'),(662,'China',NULL,'Debs',1489,'292-364-7459','vsighartid@reverbnation.com'),(663,'Pakistan','22511','Caliangt',7,'512-565-9480','gsudyie@prweb.com'),(664,'China',NULL,'Golden Leaf',18614,'500-890-8084','rjaqueminetif@mapquest.com'),(665,'Gabon',NULL,'Maryland',98,'407-396-7453','dbeckleyig@webs.com'),(666,'Dominican Republic','10505','Gerald',4927,'458-548-2201','lgelsthorpeih@over-blog.com'),(667,'Russia','356040','Melby',296,'686-125-4745','dbeamentii@sfgate.com'),(668,'China',NULL,'Manitowish',27529,'960-522-5705','jwillicottij@loc.gov'),(669,'Honduras',NULL,'Luster',46872,'639-999-9682','gbourcqik@slate.com'),(670,'China',NULL,'School',966,'372-650-3493','chaswellil@geocities.jp'),(671,'Bulgaria','7541','Mendota',37416,'514-943-3426','kbarrieim@independent.co.uk'),(672,'Thailand','77150','Killdeer',734,'553-676-1744','mkyffinin@newsvine.com'),(673,'Indonesia',NULL,'2nd',6825,'909-835-1335','vbathio@ovh.net'),(674,'Poland','73-115','2nd',75,'982-379-6378','fscreatonip@psu.edu'),(675,'Iran',NULL,'Truax',71,'144-316-0909','ngrinnoviq@marriott.com'),(676,'Indonesia',NULL,'Oneill',3,'556-161-4392','ewinterir@51.la'),(677,'China',NULL,'Kim',17869,'539-500-8299','bswancockis@behance.net'),(678,'Indonesia',NULL,'Spaight',5,'398-780-8631','kaymericit@google.com.hk'),(679,'Oman',NULL,'Twin Pines',6770,'467-941-9219','bshakleiu@nps.gov'),(680,'Kyrgyzstan',NULL,'Redwing',14,'227-903-6756','jdubbleiv@amazon.de'),(681,'China',NULL,'Corben',7,'254-415-5401','cpulleriw@diigo.com'),(682,'Slovenia','6333','Butterfield',174,'140-772-6802','jbowersix@ucoz.ru'),(683,'Canada','V1Y','Walton',5284,'305-936-5644','ekleisleiy@sogou.com'),(684,'China',NULL,'Mariners Cove',8,'142-714-2794','ppattyiz@umich.edu'),(685,'Sierra Leone',NULL,'Goodland',835,'959-847-1619','wmcdoolj0@sun.com'),(686,'Greece',NULL,'Kensington',9835,'327-414-9509','lfetherstonj1@ted.com'),(687,'Ivory Coast',NULL,'Grayhawk',509,'749-970-2172','acossomj2@hugedomains.com'),(688,'China',NULL,'Doe Crossing',2779,'280-698-3524','rgoldiej3@simplemachines.org'),(689,'Nigeria',NULL,'Eastlawn',272,'190-259-5511','abrabenj4@google.es'),(690,'Thailand','22110','Vernon',1011,'838-527-6988','jdonahoj5@nature.com'),(691,'China',NULL,'Carioca',20655,'473-209-9237','handrejsj6@tiny.cc'),(692,'Indonesia',NULL,'Di Loreto',147,'667-315-5398','bmanserj7@mozilla.org'),(693,'North Korea',NULL,'Autumn Leaf',1689,'293-898-1098','lsapsonj8@amazonaws.com'),(694,'Russia','197720','Carberry',160,'301-711-2418','jnassyj9@xinhuanet.com'),(695,'Montenegro',NULL,'Dapin',871,'699-998-5111','vghostja@cornell.edu'),(696,'Indonesia',NULL,'Hintze',38,'741-137-5358','thanburyjb@fc2.com'),(697,'Portugal','3810-609','Bultman',1094,'187-568-5516','cparsonsonjc@rakuten.co.jp'),(698,'Brazil','89800-000','Green',10638,'460-715-8120','cedelerjd@statcounter.com'),(699,'China',NULL,'Mcbride',33,'855-394-2846','mclotworthyje@prlog.org'),(700,'Russia','303622','Veith',788,'198-423-1996','mblaneyjf@ehow.com'),(701,'Russia','603024','Mendota',301,'920-316-8386','tchatjg@ycombinator.com'),(702,'Uruguay',NULL,'Spenser',251,'859-695-0318','aadrianojh@tripadvisor.com'),(703,'Iran',NULL,'Del Mar',78639,'536-895-4474','hbaileji@flavors.me'),(704,'China',NULL,'Ruskin',12,'973-536-7379','wheindlejj@un.org'),(705,'Vietnam',NULL,'Barnett',4,'456-511-9253','ckmieciakjk@360.cn'),(706,'China',NULL,'Arizona',4,'353-752-6593','cmafhamjl@soundcloud.com'),(707,'France','55013 CEDEX','Steensland',11,'764-587-4322','sbenettinijm@netscape.com'),(708,'China',NULL,'Miller',2324,'460-239-3623','edrinkwaterjn@dmoz.org'),(709,'Norway','4671','David',7,'625-360-7737','bfenneyjo@sitemeter.com'),(710,'Madagascar',NULL,'Maryland',668,'535-968-4200','shandscombejp@e-recht24.de'),(711,'Portugal','7580-005','Elmside',1062,'632-139-3255','kgullyesjq@tripadvisor.com'),(712,'China',NULL,'Troy',111,'558-779-2348','chammarbergjr@nih.gov'),(713,'Indonesia',NULL,'Holy Cross',5121,'287-711-8117','hmacphersonjs@answers.com'),(714,'Peru',NULL,'Ruskin',74164,'682-706-1498','sklouzjt@slate.com'),(715,'Philippines','8102','Memorial',66,'553-399-4751','pspensleyju@liveinternet.ru'),(716,'Guatemala','05009','Fairfield',59882,'814-311-3693','oparlourjv@hibu.com'),(717,'Syria',NULL,'Reinke',79929,'276-232-8885','fdumphyjw@who.int'),(718,'Philippines','6604','Service',46458,'574-349-2899','muphamjx@altervista.org'),(719,'China',NULL,'Darwin',57,'737-637-7450','mitzaksonjy@icq.com'),(720,'Georgia',NULL,'Schlimgen',708,'132-750-7070','nopperyjz@tinypic.com'),(721,'China',NULL,'2nd',35,'294-731-7422','emaceveleyk0@so-net.ne.jp'),(722,'Indonesia',NULL,'Annamark',76476,'462-868-2623','rhanrattyk1@live.com'),(723,'China',NULL,'Shelley',6,'834-221-4073','rfleischk2@smh.com.au'),(724,'China',NULL,'Sugar',97,'322-567-8300','bassirattik3@msu.edu'),(725,'Indonesia',NULL,'Ohio',7,'679-397-1829','ddaylyk4@npr.org'),(726,'Sweden','671 30','John Wall',5,'987-100-6485','gbastowk5@ted.com'),(727,'Thailand','90190','Kennedy',5889,'108-633-7597','mdickerk6@zdnet.com'),(728,'Poland','26-680','Eastwood',5,'288-364-4431','dfaltink7@hhs.gov'),(729,'Indonesia',NULL,'Lakewood Gardens',181,'875-782-9293','cmedcalfek8@nifty.com'),(730,'Honduras',NULL,'Artisan',934,'167-332-9602','btennockk9@nature.com'),(731,'Indonesia',NULL,'Bartelt',6922,'620-767-7718','bjaksicka@wisc.edu'),(732,'Portugal','4800-858','High Crossing',4010,'660-753-1889','tferrierkb@merriam-webster.com'),(733,'Morocco',NULL,'Sunnyside',6466,'413-509-8224','hdredgekc@sina.com.cn'),(734,'Uruguay',NULL,'Elka',73264,'658-498-7211','imagnuskd@fc2.com'),(735,'Ireland','A41','Claremont',5269,'207-695-3004','sdudnyke@technorati.com'),(736,'Cameroon',NULL,'Dryden',57,'626-185-1495','kwadiekf@shareasale.com'),(737,'Bosnia and Herzegovina',NULL,'Farragut',5,'943-214-3860','cproudkg@nymag.com'),(738,'China',NULL,'Fallview',8,'145-119-5928','hmuffinkh@auda.org.au'),(739,'China',NULL,'Shoshone',81458,'961-166-9923','gcowlardki@blogger.com'),(740,'Indonesia',NULL,'Toban',76,'316-813-0725','dantonazzikj@so-net.ne.jp'),(741,'Ukraine',NULL,'Village Green',86783,'381-681-5779','sbilbeykk@tripod.com'),(742,'Japan','839-1407','Melody',3340,'154-533-0818','eswinerdkl@wsj.com'),(743,'Japan','963-8846','Hoffman',2,'415-643-9455','ddrakeskm@wikia.com'),(744,'Poland','60-116','Jackson',96363,'421-929-2576','mhayleykn@macromedia.com'),(745,'Portugal','4620-400','Oriole',2389,'231-577-7835','abassingdenko@guardian.co.uk'),(746,'Russia','624365','Corscot',4380,'687-615-1033','geardkp@weibo.com'),(747,'Indonesia',NULL,'Union',11,'252-498-1644','eholdforthkq@google.co.jp'),(748,'Peru',NULL,'Hazelcrest',4,'507-776-3248','sfrisekr@tiny.cc'),(749,'France','79404 CEDEX','Northland',639,'968-203-6326','bwetherillks@discuz.net'),(750,'Vietnam',NULL,'Linden',8,'157-554-0574','cebbittkt@seattletimes.com'),(751,'Peru',NULL,'Fisk',80811,'454-920-1996','fflorenceku@sbwire.com'),(752,'China',NULL,'Manufacturers',298,'222-520-3394','gkubalakv@china.com.cn'),(753,'Indonesia',NULL,'Twin Pines',72,'770-334-4285','hclyburnkw@hud.gov'),(754,'Madagascar',NULL,'Oak Valley',230,'894-228-1955','agooderedkx@blogger.com'),(755,'Portugal','7460-204','Coleman',28,'218-873-3068','fmcgeacheyky@gizmodo.com'),(756,'Ecuador',NULL,'Sloan',0,'954-786-3725','wverdenkz@hexun.com'),(757,'Sweden','652 17','Larry',5620,'428-369-2476','frushmerel0@alexa.com'),(758,'China',NULL,'Charing Cross',5,'855-998-9368','ebeazleyl1@wired.com'),(759,'Greece',NULL,'Butternut',2,'729-405-6061','tbaleinel2@sakura.ne.jp'),(760,'Cameroon',NULL,'Muir',2063,'236-534-0475','bcrusel3@umn.edu'),(761,'Brazil','89600-000','Thompson',8013,'731-791-7628','mhendrenl4@lulu.com'),(762,'United States','40298','Logan',7,'502-294-0953','tpottingerl5@earthlink.net'),(763,'Finland','35540','Birchwood',4107,'228-389-1793','acowl6@google.com.br'),(764,'Poland','08-400','Mariners Cove',44751,'425-343-6534','hjerchel7@domainmarket.com'),(765,'Indonesia',NULL,'Lyons',87745,'534-190-9320','rfarnabyl8@purevolume.com'),(766,'Japan','999-3776','Lillian',1560,'182-584-6429','fmichellel9@webeden.co.uk'),(767,'Malaysia','62530','Golden Leaf',638,'217-392-5941','mwaitlandla@cnbc.com'),(768,'Bosnia and Herzegovina',NULL,'7th',32,'515-957-1969','mlambournlb@fda.gov'),(769,'China',NULL,'Scofield',45,'176-127-9353','hhappertlc@wunderground.com'),(770,'Japan','988-0273','Fieldstone',668,'409-998-4491','dkollasld@cdc.gov'),(771,'Vietnam',NULL,'Gale',66,'140-751-8315','cknightleyle@dyndns.org'),(772,'Poland','24-200','Harbort',3424,'428-484-1935','asheardslf@virginia.edu'),(773,'Serbia',NULL,'Mariners Cove',975,'789-190-4988','ajanneylg@ibm.com'),(774,'Thailand','95140','Southridge',3,'972-693-8423','mgelsthorpelh@elegantthemes.com'),(775,'Syria',NULL,'Marcy',90495,'472-988-6053','tquinseeli@cdc.gov'),(776,'Colombia','203027','John Wall',5,'751-842-1764','lstraselj@sphinn.com'),(777,'Poland','82-220','Eastwood',656,'195-700-2054','pbudgeonlk@bloomberg.com'),(778,'Indonesia',NULL,'Dayton',7,'627-916-5337','cgergell@paypal.com'),(779,'Kazakhstan',NULL,'Springs',415,'771-173-0781','danwyllm@skype.com'),(780,'Russia','399903','Talmadge',10,'790-736-2903','shankinsln@4shared.com'),(781,'Indonesia',NULL,'Continental',6402,'437-901-3154','dcattowlo@symantec.com'),(782,'Venezuela',NULL,'Bellgrove',4349,'528-736-9200','jdaymondlp@pbs.org'),(783,'Bulgaria','3252','Farmco',92007,'502-506-6641','bduttonlq@intel.com'),(784,'France','80075 CEDEX 1','Mayfield',5897,'296-152-0606','mmcalllr@tripadvisor.com'),(785,'Indonesia',NULL,'Holmberg',987,'513-220-6948','amaeerls@netvibes.com'),(786,'Brazil','79400-000','Memorial',14,'621-675-9641','sroggerslt@vkontakte.ru'),(787,'Indonesia',NULL,'Vidon',83,'475-403-0875','madolflu@army.mil'),(788,'China',NULL,'Paget',8,'741-737-8740','gbarbeylv@mozilla.com'),(789,'France','51361 CEDEX','Victoria',9495,'244-673-6065','sdrennanlw@slate.com'),(790,'Czech Republic','618 00','Darwin',432,'962-485-2110','rsonelx@economist.com'),(791,'Indonesia',NULL,'Coleman',5,'155-239-7285','ccontily@xing.com'),(792,'China',NULL,'Bobwhite',19564,'684-495-2219','vlumsdalelz@macromedia.com'),(793,'China',NULL,'Calypso',758,'532-852-0159','rbraddonm0@illinois.edu'),(794,'China',NULL,'Hansons',7576,'370-410-9986','kfundellm1@wordpress.com'),(795,'Argentina','3610','Dahle',4953,'757-715-6248','greediem2@mysql.com'),(796,'Nigeria',NULL,'Coleman',1,'363-539-3959','hbannardm3@latimes.com'),(797,'Canada','T1V','Ilene',8,'180-145-0782','dshortm4@zimbio.com'),(798,'Russia','150501','Killdeer',44270,'105-467-0794','lbukacm5@washingtonpost.com'),(799,'Philippines','3805','Corscot',0,'721-627-8745','haldersleym6@jalbum.net'),(800,'Norway','0424','American Ash',761,'858-431-0644','mmccombm7@adobe.com'),(801,'China',NULL,'Shasta',20211,'471-616-2125','ltraytonm8@nih.gov'),(802,'Sweden','652 27','Cordelia',19388,'924-691-4258','rwyeldm9@springer.com'),(803,'Portugal','4410-013','Bultman',8,'778-688-9429','bbolithoma@mozilla.org'),(804,'Peru',NULL,'2nd',89493,'532-486-1382','gternottmb@reddit.com'),(805,'Indonesia',NULL,'Esch',96349,'559-232-8652','fhuglinmc@php.net'),(806,'Nigeria',NULL,'Stang',52,'978-842-5600','bhuorticmd@wiley.com'),(807,'China',NULL,'Bultman',58,'114-983-7935','bholywellme@chron.com'),(808,'Indonesia',NULL,'Express',2694,'249-536-6633','zyurkovmf@omniture.com'),(809,'Poland','08-330','Cardinal',772,'405-818-1756','hveelersmg@pen.io'),(810,'Kyrgyzstan',NULL,'Cambridge',2,'505-557-8662','cshirermh@hubpages.com'),(811,'Australia','1161','Florence',71,'775-261-2272','aschwandermannmi@goo.ne.jp'),(812,'Vietnam',NULL,'Superior',971,'178-102-8513','skneelmj@ucoz.ru'),(813,'Poland','43-523','Loeprich',6,'529-728-4132','hdonsonmk@huffingtonpost.com'),(814,'Brazil','15370-000','Rockefeller',191,'661-866-7429','mjordineml@mtv.com'),(815,'Thailand','10140','Stuart',3,'164-702-4434','awillmotmm@princeton.edu'),(816,'South Korea',NULL,'Corscot',2,'107-717-9541','mgergermn@craigslist.org'),(817,'Russia','369264','Grasskamp',44,'693-934-4593','eocalleranmo@wired.com'),(818,'United States','30089','Sunbrook',28,'229-442-7006','bjanaudmp@oakley.com'),(819,'China',NULL,'Reinke',4,'517-882-2374','asimonsonmq@chron.com'),(820,'China',NULL,'Derek',52420,'681-683-3588','hlakermr@sogou.com'),(821,'Serbia',NULL,'Portage',81,'288-755-1971','tduferiems@wikia.com'),(822,'Brazil','39520-000','Anderson',8418,'851-419-1531','wheffernonmt@scribd.com'),(823,'Indonesia',NULL,'Brickson Park',77,'780-815-8598','cpedrolmu@reference.com'),(824,'Russia','391833','Anhalt',39,'465-974-8897','wkalinskymv@dailymail.co.uk'),(825,'Ukraine',NULL,'Quincy',0,'910-290-2768','kfaradaymw@wp.com'),(826,'Nigeria',NULL,'Meadow Ridge',28068,'366-357-3500','azanremx@tiny.cc'),(827,'Belarus',NULL,'Pearson',59,'790-535-6592','cguerreiromy@diigo.com'),(828,'Belarus',NULL,'Scott',13,'718-649-9448','mbowshermz@mail.ru'),(829,'Ecuador',NULL,'Prentice',74773,'701-436-5916','ckennifickn0@reuters.com'),(830,'Thailand','21140','Darwin',27027,'369-925-5725','wlightwoodn1@globo.com'),(831,'Russia','249432','Fremont',4291,'563-756-3981','lbartlen2@independent.co.uk'),(832,'Indonesia',NULL,'4th',860,'444-370-6397','hblackdenn3@netscape.com'),(833,'Peru',NULL,'Farwell',5,'758-104-0964','jbernardinin4@weather.com'),(834,'France','26109 CEDEX','Bunting',9406,'174-557-3305','gscafen5@i2i.jp'),(835,'Japan','999-1413','Nelson',11029,'874-545-1890','bvanwaadenburgn6@walmart.com'),(836,'Peru',NULL,'Old Gate',3,'760-265-4638','phunnybunn7@xing.com'),(837,'Philippines','4105','Gateway',18507,'216-454-5686','iknotonn8@odnoklassniki.ru'),(838,'Peru',NULL,'Riverside',223,'659-215-1012','qpughen9@comcast.net'),(839,'Tajikistan',NULL,'Bellgrove',829,'708-870-3381','tmonseyna@dion.ne.jp'),(840,'Slovenia','9241','Graedel',1,'513-457-2877','bjusthamnb@prweb.com'),(841,'Peru',NULL,'Merrick',1,'376-826-2366','kgeraultnc@blinklist.com'),(842,'China',NULL,'Hazelcrest',72843,'798-107-9654','mbonehillnd@nature.com'),(843,'Albania',NULL,'Melvin',510,'767-130-0406','wstovinene@discuz.net'),(844,'United States','90055','Eagle Crest',7793,'213-125-0345','swillsmorenf@woothemes.com'),(845,'China',NULL,'Buhler',26729,'555-653-4689','mchaffng@weibo.com'),(846,'Indonesia',NULL,'Menomonie',9973,'618-385-0400','aknibbsnh@creativecommons.org'),(847,'United States','94154','Golden Leaf',7,'415-853-9757','rvoceni@bloglines.com'),(848,'Sweden','531 52','Redwing',56006,'332-677-7228','gbonsallnj@auda.org.au'),(849,'Brazil','39820-000','Vera',334,'604-602-8399','cmcclenaghannk@imgur.com'),(850,'Canada','S4A','Eastwood',37545,'753-526-6683','cbroomheadnl@ocn.ne.jp'),(851,'Poland','88-210','La Follette',66,'785-112-6946','bgonzalvonm@facebook.com'),(852,'China',NULL,'Merrick',6,'244-161-9851','fmaccurleynn@arstechnica.com'),(853,'Poland','59-610','Schmedeman',9,'662-871-9657','cmalbonno@icq.com'),(854,'Indonesia',NULL,'Bluejay',58061,'749-633-4029','bgoroninp@livejournal.com'),(855,'Japan','509-0201','Steensland',7,'900-413-2902','rfareynq@slashdot.org'),(856,'Greece',NULL,'Mandrake',992,'973-305-1614','dsherreardnr@acquirethisname.com'),(857,'France','64080 CEDEX','Redwing',95613,'416-228-8478','cgilliamns@dyndns.org'),(858,'China',NULL,'Charing Cross',190,'450-838-7897','aarnholdnt@tripod.com'),(859,'Brazil','89120-000','Kings',2455,'161-543-1579','mnelmnu@nhs.uk'),(860,'Indonesia',NULL,'Longview',71,'363-626-4487','scawnv@bloglovin.com'),(861,'Ukraine',NULL,'Evergreen',9,'429-663-3126','kemmetnw@blog.com'),(862,'China',NULL,'Crownhardt',6,'874-138-0458','bcarlillnx@blogspot.com'),(863,'Ireland','H71','Fallview',95046,'254-188-5185','kwarnerny@newsvine.com'),(864,'Philippines','7300','Logan',45394,'148-191-5359','hhercocknz@ca.gov'),(865,'Germany','38126','Esker',62,'198-990-9867','pvaskovo0@google.it'),(866,'Mongolia',NULL,'Becker',5676,'460-816-6728','wwybrowo1@jigsy.com'),(867,'Sweden','763 42','Fallview',234,'309-840-3419','ebufferyo2@cbc.ca'),(868,'Honduras',NULL,'Marquette',30,'478-698-4479','jkiffeo3@multiply.com'),(869,'Vietnam',NULL,'Havey',1,'679-387-6877','fleregoo4@cyberchimps.com'),(870,'Indonesia',NULL,'Calypso',2,'978-292-2177','fpfaffelo5@jugem.jp'),(871,'Bulgaria','7662','Clarendon',8,'160-385-0182','wkemmetto6@latimes.com'),(872,'China',NULL,'Glacier Hill',2995,'849-856-8026','mdigbyo7@globo.com'),(873,'Russia','456306','Butternut',35876,'228-474-9465','oedsero8@skyrock.com'),(874,'China',NULL,'Melby',6,'101-722-5338','ftilleo9@statcounter.com'),(875,'Mexico','29950','Fairview',7,'463-449-6974','gtashoa@umich.edu'),(876,'France','94593 CEDEX 2','Old Shore',768,'838-756-8182','cdanbrookob@desdev.cn'),(877,'China',NULL,'Village Green',8849,'679-894-3125','rdyhouseoc@ameblo.jp'),(878,'Burkina Faso',NULL,'Heath',14,'925-353-8418','ayukhinod@bbb.org'),(879,'Argentina','2580','Troy',69375,'923-922-4244','tprobetsoe@ning.com'),(880,'Slovenia','1234','Elmside',57752,'404-542-9284','lgraffinof@wisc.edu'),(881,'Indonesia',NULL,'Forest',7775,'576-985-6635','gborringtonog@vinaora.com'),(882,'Russia','404172','Tony',602,'364-980-6224','espinasoh@addthis.com'),(883,'Philippines','4005','Columbus',8231,'168-905-6547','tstichalloi@furl.net'),(884,'Armenia',NULL,'Anzinger',19874,'668-233-3114','pheaneyoj@stumbleupon.com'),(885,'Sweden','976 33','Calypso',3,'908-615-7749','irubinfeldok@people.com.cn'),(886,'Aland Islands','22730','Longview',24,'749-839-4478','cyannoniol@deviantart.com'),(887,'Indonesia',NULL,'Kedzie',4313,'467-274-4555','aspickettom@addtoany.com'),(888,'Portugal','2840-044','Orin',53,'544-113-1827','ncallabyon@narod.ru'),(889,'China',NULL,'Tomscot',1427,'924-108-9161','ielsteroo@bluehost.com'),(890,'Ukraine',NULL,'Spohn',49332,'215-590-6279','lgossanop@jiathis.com'),(891,'Indonesia',NULL,'Reindahl',22,'674-804-0160','owanklinoq@google.com.au'),(892,'Argentina','4624','Hansons',84755,'978-844-4842','umuttonor@opera.com'),(893,'Indonesia',NULL,'Corscot',3191,'252-197-8373','ckinsellaos@jimdo.com'),(894,'Peru',NULL,'Holmberg',934,'196-350-5101','amaddernot@imgur.com'),(895,'Afghanistan',NULL,'Pierstorff',3339,'487-245-6120','bmoreou@ebay.com'),(896,'Russia','198264','Lakewood Gardens',81,'262-283-2196','cprattingtonov@dyndns.org'),(897,'Brazil','78975-000','Raven',8,'311-166-7159','mhoutenow@bloglovin.com'),(898,'Brazil','65430-000','Butternut',6,'763-135-5093','ibourthouloumeox@blogtalkradio.com'),(899,'Saudi Arabia',NULL,'Judy',27,'498-945-0953','orosenwasseroy@nydailynews.com'),(900,'United States','75216','Northport',741,'469-690-4919','zhobbemaoz@tuttocitta.it'),(901,'Argentina','6005','Sheridan',582,'747-192-3819','jpetkovicp0@barnesandnoble.com'),(902,'Pakistan','67210','Superior',2215,'470-983-6025','ltearep1@state.tx.us'),(903,'France','69924 CEDEX','Donald',626,'124-811-0352','cgebhardp2@psu.edu'),(904,'United States','93907','Fulton',1,'831-976-9401','fcolquhounp3@typepad.com'),(905,'Philippines','6105','West',92970,'847-218-3757','mbamburyp4@smugmug.com'),(906,'Indonesia',NULL,'Eliot',41715,'521-478-4840','drennicksp5@google.it'),(907,'United States','55458','Division',4,'612-744-2219','elunbechp6@dmoz.org'),(908,'Portugal','9800-026','Golf Course',73,'325-283-0410','mrylancep7@admin.ch'),(909,'Panama',NULL,'South',95624,'706-509-6940','erobeletp8@vk.com'),(910,'China',NULL,'Harper',57,'182-147-3423','mmablestonep9@zimbio.com'),(911,'Pakistan','50770','Anhalt',6444,'870-436-7553','whartepa@gravatar.com'),(912,'Poland','63-500','Hoepker',7093,'638-600-0018','dcasollapb@blogtalkradio.com'),(913,'Yemen',NULL,'Gale',86205,'894-212-2829','nkaganpc@forbes.com'),(914,'Kazakhstan',NULL,'Nevada',50,'845-825-9474','edevillepd@msu.edu'),(915,'Nigeria',NULL,'Florence',90,'993-341-3630','memmittpe@psu.edu'),(916,'China',NULL,'Merry',938,'297-627-3846','vbeespf@toplist.cz'),(917,'Comoros',NULL,'Eliot',2,'851-740-3291','asherwellpg@sohu.com'),(918,'Portugal','2530-285','Welch',52,'174-614-4512','loxleeph@weibo.com'),(919,'Nigeria',NULL,'Menomonie',357,'903-376-8871','kamiespi@indiatimes.com'),(920,'Greece',NULL,'Ridge Oak',76,'868-416-6676','anancarrowpj@miitbeian.gov.cn'),(921,'China',NULL,'Graedel',8,'267-497-9436','epersentpk@redcross.org'),(922,'Russia','646160','Lerdahl',4,'382-359-2848','ldecristoforopl@ocn.ne.jp'),(923,'China',NULL,'Erie',973,'788-702-2238','maronowpm@issuu.com'),(924,'United States','95128','Spenser',8,'714-168-8159','nbloodpn@jigsy.com'),(925,'Paraguay',NULL,'Russell',6,'970-506-0570','jbeachpo@jigsy.com'),(926,'Russia','186445','Lotheville',0,'134-735-0212','bbeverstockpp@artisteer.com'),(927,'Poland','16-433','Gale',469,'314-677-3428','rpachtapq@xrea.com'),(928,'France','56019 CEDEX','Hoard',7319,'189-351-5389','jfellinipr@google.ca'),(929,'Hungary','7404','Pepper Wood',7,'715-170-5175','estormontps@csmonitor.com'),(930,'Russia','368034','Elka',27597,'643-536-5303','fcawsept@reuters.com'),(931,'China',NULL,'Drewry',9,'909-546-6816','lyarkerpu@angelfire.com'),(932,'Bosnia and Herzegovina',NULL,'Banding',1,'161-800-5743','carstingallpv@tumblr.com'),(933,'China',NULL,'Burning Wood',3,'459-267-5841','fdennertpw@bloglines.com'),(934,'Indonesia',NULL,'Macpherson',5628,'624-159-3663','cjewkspx@w3.org'),(935,'China',NULL,'Huxley',5,'203-733-2121','kwimburypy@ustream.tv'),(936,'Indonesia',NULL,'Maple',319,'816-917-9411','fpeterspz@4shared.com'),(937,'Canada','S7W','Hudson',8,'419-121-1362','acalcuttq0@angelfire.com'),(938,'Japan','329-1117','Glendale',5,'825-155-8424','cespinetq1@symantec.com'),(939,'China',NULL,'Mosinee',8,'715-199-5047','doverstallq2@sina.com.cn'),(940,'Ethiopia',NULL,'Badeau',5,'844-660-5057','fchittieq3@live.com'),(941,'Indonesia',NULL,'Caliangt',8443,'230-455-4366','araysonq4@joomla.org'),(942,'France','75976 CEDEX 20','East',143,'451-672-5380','cleymanq5@ftc.gov'),(943,'Indonesia',NULL,'Park Meadow',98,'585-891-5269','mhallbordq6@diigo.com'),(944,'Vietnam',NULL,'Oriole',56290,'962-857-9814','carpinq7@sfgate.com'),(945,'Japan','959-1287','Cherokee',3,'111-199-9563','lbeagleyq8@ocn.ne.jp'),(946,'Portugal','9350-031','Northridge',731,'996-889-0408','fveryardq9@jigsy.com'),(947,'Kyrgyzstan',NULL,'Starling',54,'900-138-4704','gleahyqa@altervista.org'),(948,'China',NULL,'Transport',53682,'974-212-6014','mcrownqb@addthis.com'),(949,'Japan','999-4201','Sherman',689,'547-190-7863','bjutsonqc@reference.com'),(950,'Brazil','37640-000','Walton',306,'749-670-8339','ajackeqd@gnu.org'),(951,'Guatemala','04014','Weeping Birch',7,'336-152-9630','gjepensenqe@studiopress.com'),(952,'Germany','45356','Carberry',76104,'572-600-3721','dselewayqf@1und1.de'),(953,'Indonesia',NULL,'Farragut',2,'249-531-8000','aollerearnshawqg@webnode.com'),(954,'Italy','95123','Truax',61190,'141-901-0659','flaidlowqh@chronoengine.com'),(955,'Burkina Faso',NULL,'Bunting',493,'239-445-0542','hworrillqi@homestead.com'),(956,'Philippines','4323','Dayton',5,'319-920-4434','zgaigerqj@soundcloud.com'),(957,'Honduras',NULL,'Bellgrove',967,'419-686-9185','rdevillierqk@marriott.com'),(958,'Armenia',NULL,'Lunder',580,'693-376-9939','gnethercottql@ft.com'),(959,'Nigeria',NULL,'Independence',91,'323-857-9025','gkennaghqm@intel.com'),(960,'China',NULL,'Lindbergh',82,'924-573-2270','hprimakqn@cmu.edu'),(961,'China',NULL,'Eagan',4,'188-437-3132','clockierqo@house.gov'),(962,'United States','28263','Barnett',2001,'704-407-0369','jwestcottqp@symantec.com'),(963,'Greece',NULL,'American',77,'728-926-5496','smosbyqq@imgur.com'),(964,'China',NULL,'Bunker Hill',12,'771-341-3167','fyoullqr@tiny.cc'),(965,'Iran',NULL,'Hallows',8112,'340-843-6299','dabrahmoviciqs@flickr.com'),(966,'Peru',NULL,'Grasskamp',5208,'597-263-8065','cheningamqt@mozilla.org'),(967,'North Korea',NULL,'Forest',78960,'965-716-4222','marrqu@rediff.com'),(968,'Poland','32-087','Logan',502,'301-279-5207','akeavesqv@amazon.co.jp'),(969,'Czech Republic','789 69','Butternut',8950,'541-766-5488','cmainstonqw@newyorker.com'),(970,'China',NULL,'Memorial',32416,'166-408-2826','tvinesqx@howstuffworks.com'),(971,'Sweden','616 32','Northridge',47,'401-229-7847','kseeksqy@tamu.edu'),(972,'China',NULL,'Fairview',15,'803-953-5231','jallmenqz@wikimedia.org'),(973,'Indonesia',NULL,'Farwell',7,'486-305-9657','cheimsr0@storify.com'),(974,'Indonesia',NULL,'North',25,'230-951-5981','ekuschker1@sakura.ne.jp'),(975,'Portugal','3070-235','Harper',98,'972-978-0143','mstrondr2@unc.edu'),(976,'Egypt',NULL,'Hanson',958,'584-272-0391','rpellattr3@craigslist.org'),(977,'French Polynesia',NULL,'Cardinal',19,'308-620-2259','lcraigmiler4@newsvine.com'),(978,'Indonesia',NULL,'Kim',66393,'229-682-0640','kdeveroser5@amazon.de'),(979,'Japan','503-0625','Dawn',1,'640-339-9630','mrosenqvistr6@vk.com'),(980,'China',NULL,'Sunfield',73,'131-242-0124','ajollier7@mapquest.com'),(981,'Indonesia',NULL,'Manley',984,'435-530-4801','civanchovr8@nbcnews.com'),(982,'United States','68144','Erie',99086,'402-773-3874','asylvesterr9@craigslist.org'),(983,'China',NULL,'Reindahl',78,'276-130-5345','rbroadheadra@pagesperso-orange.fr'),(984,'Russia','433913','Larry',138,'769-434-2852','erubenovrb@comsenz.com'),(985,'Thailand','36210','Mallard',2,'553-446-2900','dettritchrc@fda.gov'),(986,'Brazil','83430-000','Hauk',21,'384-705-7319','ghambeltonrd@sfgate.com'),(987,'France','75712 CEDEX 15','Laurel',94,'992-714-4407','jslymanre@whitehouse.gov'),(988,'Cuba',NULL,'Bultman',45177,'559-806-2344','vboolerrf@va.gov'),(989,'Japan','419-0125','Ruskin',55,'745-178-8904','dsycerg@imdb.com'),(990,'Brazil','69470-000','Annamark',401,'421-878-1626','jbridierh@wordpress.com'),(991,'Argentina','3560','Haas',40,'283-892-5160','jdobsonsri@forbes.com'),(992,'Portugal','2705-126','Clyde Gallagher',7890,'788-605-8078','ciwanowiczrj@bizjournals.com'),(993,'China',NULL,'Dayton',347,'298-500-9375','bbuckberryrk@unesco.org'),(994,'Russia','628250','Eagle Crest',55,'227-262-3331','mortnerrl@nhs.uk'),(995,'Canada','G5H','Debs',5,'930-366-6690','tgozardrm@indiegogo.com'),(996,'Peru',NULL,'Trailsway',1204,'863-963-4654','fcalveyrn@technorati.com'),(997,'China',NULL,'Twin Pines',7,'374-889-4515','nalsterro@simplemachines.org'),(998,'Philippines','6109','Rutledge',96613,'315-714-4386','ryounghusbandrp@eventbrite.com'),(999,'France','92041 CEDEX','Sherman',29,'224-724-3384','dfurbyrq@themeforest.net'),(1000,'Greece',NULL,'Mallory',41199,'190-921-9855','dnelissenrr@msn.com'),(1001,'China',NULL,'Cottonwood',1786,'885-234-4455','rhuman0@nationalgeographic.com'),(1002,'Indonesia',NULL,'Debs',32170,'688-265-8662','lgrzegorek1@hp.com'),(1003,'Spain','17080','Meadow Vale',72155,'362-940-2436','bbouchier2@flavors.me'),(1004,'Nigeria',NULL,'Debs',6,'468-326-6018','weddleston3@census.gov'),(1005,'Russia','646626','Veith',58,'767-344-0405','vfibbens4@google.fr'),(1006,'Russia','171270','Merry',55,'687-349-8992','dbillborough5@creativecommons.org'),(1007,'Serbia',NULL,'Carberry',0,'322-306-8577','tbottelstone6@chron.com'),(1008,'Japan','463-0056','Comanche',38,'792-159-0512','cwestgarth7@cloudflare.com'),(1009,'Tunisia',NULL,'Meadow Ridge',6812,'783-221-3094','carundale8@jimdo.com'),(1010,'Jamaica',NULL,'Bluestem',6,'421-408-3708','aollerhead9@ebay.co.uk'),(1011,'Sweden','507 33','Gale',6965,'204-817-1400','kdrovera@reuters.com'),(1012,'Albania',NULL,'Loftsgordon',290,'230-491-3405','flethabridgeb@wordpress.com'),(1013,'Poland','57-230','Starling',7371,'120-247-9174','tonnc@businessinsider.com'),(1014,'Peru',NULL,'Sherman',25,'849-995-3781','tbalogd@columbia.edu'),(1015,'Philippines','4706','Prentice',5333,'530-392-7629','vkitmane@tamu.edu'),(1016,'China',NULL,'Summer Ridge',1,'753-249-5135','fvallentinf@bbb.org'),(1017,'Indonesia',NULL,'Meadow Vale',5245,'665-441-0983','molennikovg@instagram.com'),(1018,'China',NULL,'Grim',188,'275-582-8617','wkunnekeh@ocn.ne.jp'),(1019,'Belarus',NULL,'Heath',95934,'879-553-1930','fguni@g.co'),(1020,'Czech Republic','512 63','Stoughton',624,'489-320-7772','smcmickanj@adobe.com'),(1021,'Indonesia',NULL,'Sherman',6996,'410-272-6138','oducarmek@businesswire.com'),(1022,'Ukraine',NULL,'Southridge',46044,'187-423-8357','rreasonl@cbsnews.com'),(1023,'China',NULL,'Hooker',1,'375-859-3961','vlapthornm@usnews.com'),(1024,'Poland','47-451','Crownhardt',43291,'707-377-9771','bellisonn@php.net'),(1025,'Portugal','3515-729','Huxley',60,'749-730-3986','druslingeo@homestead.com'),(1026,'Indonesia',NULL,'Hallows',699,'182-109-4076','hchandersp@eepurl.com'),(1027,'Finland','33480','Bunting',9,'254-425-1062','ffelgateq@cdbaby.com'),(1028,'Russia','102745','Red Cloud',77,'941-822-9800','abrownhillr@buzzfeed.com'),(1029,'Russia','352412','Glacier Hill',7295,'209-352-2597','sdowdalls@princeton.edu'),(1030,'Russia','673613','Rockefeller',31655,'856-199-3524','asumpnert@imageshack.us'),(1031,'Norway','0017','Sunbrook',2,'205-400-8205','rferneyhoughu@icio.us'),(1032,'Philippines','9016','Dunning',7,'881-714-1208','wsargev@webeden.co.uk'),(1033,'Indonesia',NULL,'Hoepker',616,'370-305-3449','ggolagleyw@goo.ne.jp'),(1034,'Brazil','95600-000','Gale',8,'262-602-4884','wcarneyx@webmd.com'),(1035,'China',NULL,'Buhler',36,'746-260-2598','lmacgauhyy@businessinsider.com'),(1036,'Ukraine',NULL,'Harbort',3,'817-154-0939','aprickettz@artisteer.com'),(1037,'Japan','999-4201','8th',8873,'468-597-8490','tiacomettii10@ca.gov'),(1038,'Philippines','1109','Manley',782,'278-180-8110','lfrodsam11@posterous.com'),(1039,'Canada','G5X','Kennedy',16913,'901-565-6666','cmakey12@umich.edu'),(1040,'United States','22212','Surrey',9,'571-171-2196','bsavine13@gmpg.org'),(1041,'Cameroon',NULL,'Nevada',6619,'805-570-8138','gcaulwell14@usatoday.com'),(1042,'Yemen',NULL,'Monument',8,'661-143-7283','tdonnison15@usnews.com'),(1043,'China',NULL,'Eggendart',4,'359-227-4810','amaymand16@csmonitor.com'),(1044,'China',NULL,'Fuller',3998,'263-768-7663','obessey17@bluehost.com'),(1045,'Czech Republic','788 11','Del Mar',30581,'130-964-3593','aerie18@nhs.uk'),(1046,'China',NULL,'Vahlen',33845,'778-760-5642','hlack19@nature.com'),(1047,'Ukraine',NULL,'Crowley',31,'808-498-1199','tsurplice1a@stanford.edu'),(1048,'Philippines','3204','Lawn',36,'417-567-4605','lvlahos1b@w3.org'),(1049,'China',NULL,'Bunker Hill',2488,'555-439-0928','nwinteringham1c@loc.gov'),(1050,'Benin',NULL,'Brentwood',288,'808-866-1892','sbradd1d@washingtonpost.com'),(1051,'Venezuela',NULL,'Northport',1939,'791-892-2696','igosson1e@marriott.com'),(1052,'China',NULL,'Thackeray',3,'828-431-4268','hmeneghi1f@wikimedia.org'),(1053,'Vietnam',NULL,'Farragut',9,'456-970-3907','tcough1g@nytimes.com'),(1054,'Guatemala','03017','Crownhardt',5128,'866-984-9515','rmournian1h@angelfire.com'),(1055,'Indonesia',NULL,'Manufacturers',78,'295-167-0315','lhanford1i@slashdot.org'),(1056,'Indonesia',NULL,'Dorton',715,'642-966-0334','rsuffe1j@npr.org'),(1057,'Brazil','13835-000','Westerfield',837,'241-884-5447','ypordall1k@gnu.org'),(1058,'China',NULL,'Cascade',7,'983-417-2010','ftuminelli1l@clickbank.net'),(1059,'China',NULL,'Lukken',5369,'788-357-2523','ggothrup1m@google.com.br'),(1060,'Russia','692385','Fordem',237,'198-553-4388','mdei1n@reddit.com'),(1061,'Russia','659391','Homewood',89,'902-181-9352','ebilbery1o@marriott.com'),(1062,'China',NULL,'Donald',584,'487-845-2869','cledgard1p@etsy.com'),(1063,'Indonesia',NULL,'Manufacturers',79855,'275-250-9841','gbrezlaw1q@blogs.com'),(1064,'Brazil','96745-000','Dayton',3,'356-875-6356','hmancer1r@home.pl'),(1065,'Russia','607914','Northview',9,'707-917-1068','pshurey1s@netscape.com'),(1066,'China',NULL,'1st',4,'593-318-4124','prouthorn1t@mozilla.org'),(1067,'Czech Republic','755 01','Claremont',68205,'832-309-8074','bhaddick1u@kickstarter.com'),(1068,'Mexico','30103','Judy',6824,'108-458-8786','cgandy1v@walmart.com'),(1069,'Russia','141707','Becker',548,'819-265-3036','ljiruch1w@amazonaws.com'),(1070,'Indonesia',NULL,'Service',79,'485-388-7264','bstansfield1x@naver.com'),(1071,'Peru',NULL,'Bowman',8,'113-768-6491','pkibel1y@cargocollective.com'),(1072,'Indonesia',NULL,'Superior',86,'226-966-7141','regalton1z@narod.ru'),(1073,'Philippines','1106','Hanover',10069,'452-353-3180','fstaten20@wsj.com'),(1074,'Finland','32700','Lyons',39218,'551-693-1036','jcayle21@tmall.com'),(1075,'Indonesia',NULL,'Superior',28,'457-434-4687','bramelot22@ovh.net'),(1076,'Sweden','112 40','Sunbrook',6253,'451-216-1106','pfanton23@ox.ac.uk'),(1077,'Greece',NULL,'Chive',93626,'645-673-7446','cdurak24@blogtalkradio.com'),(1078,'United States','60663','Commercial',102,'312-831-2775','tmcenteggart25@webeden.co.uk'),(1079,'Kazakhstan',NULL,'Straubel',800,'997-668-9134','gbrandhardy26@google.com.br'),(1080,'China',NULL,'Graceland',781,'237-552-4434','vbortolussi27@webeden.co.uk'),(1081,'Brazil','29285-000','Dixon',4413,'574-106-5462','ehousegoe28@reverbnation.com'),(1082,'Portugal','3090-710','Luster',38,'250-793-5796','tamesbury29@1und1.de'),(1083,'Russia','249111','5th',1,'488-285-5771','ispindler2a@storify.com'),(1084,'China',NULL,'Old Shore',553,'883-506-8522','gkirkham2b@berkeley.edu'),(1085,'Indonesia',NULL,'Arapahoe',769,'160-409-6987','byeudall2c@booking.com'),(1086,'China',NULL,'Manufacturers',3908,'538-552-3807','sdaoust2d@sogou.com'),(1087,'Indonesia',NULL,'Waywood',45153,'133-782-1650','tteague2e@prweb.com'),(1088,'Morocco',NULL,'Spaight',36,'525-675-4198','hperritt2f@wunderground.com'),(1089,'Russia','141060','Springview',2,'182-464-8762','cleverette2g@sun.com'),(1090,'China',NULL,'Anderson',47666,'813-272-8775','ejoselson2h@ibm.com'),(1091,'Russia','186793','Westport',0,'760-717-7610','kpietruschka2i@blogtalkradio.com'),(1092,'Nicaragua',NULL,'Marcy',59289,'180-122-3703','krowledge2j@omniture.com'),(1093,'China',NULL,'Jenna',8970,'530-963-5064','mpettitt2k@4shared.com'),(1094,'Philippines','4211','Melody',39,'169-558-6632','bcaught2l@un.org'),(1095,'Thailand','10100','Judy',0,'507-346-0523','msoppett2m@live.com'),(1096,'Sweden','314 32','Spohn',4312,'608-450-6254','nbengle2n@tinypic.com'),(1097,'Sweden','392 30','American Ash',5,'717-611-2904','hmcnelly2o@studiopress.com'),(1098,'Sweden','745 44','Wayridge',3,'747-604-4114','dmehaffey2p@simplemachines.org'),(1099,'China',NULL,'Emmet',5014,'945-536-3946','cmalloch2q@discuz.net'),(1100,'Brazil','14640-000','Green Ridge',24332,'452-978-4284','strosdall2r@w3.org'),(1101,'Cape Verde',NULL,'Buhler',77,'546-685-6282','lsturgis2s@free.fr'),(1102,'Philippines','6542','Muir',3,'673-764-4733','icurr2t@printfriendly.com'),(1103,'Brazil','95960-000','Carey',2850,'383-320-7045','plegrice2u@sourceforge.net'),(1104,'Brazil','13630-000','Cody',74407,'706-793-2590','asifflett2v@jimdo.com'),(1105,'Brazil','49160-000','Carpenter',6277,'154-987-2103','pdannel2w@jugem.jp'),(1106,'Poland','22-304','Arrowood',60145,'277-498-4690','dkingaby2x@yellowpages.com'),(1107,'Armenia',NULL,'Oak',614,'767-178-7298','vmeak2y@fc2.com'),(1108,'Sweden','821 80','Macpherson',74,'880-344-8208','tiuorio2z@printfriendly.com'),(1109,'Portugal','6060-414','Heffernan',7,'989-928-4888','gscoullar30@multiply.com'),(1110,'Portugal','4950-332','Commercial',27903,'408-243-9223','hveazey31@mtv.com'),(1111,'United States','30358','Darwin',45,'404-641-0061','mderkes32@netscape.com'),(1112,'China',NULL,'Artisan',22,'432-553-2248','amillery33@examiner.com'),(1113,'Argentina','3620','Mandrake',57399,'123-517-2537','tbayley34@de.vu'),(1114,'Greece',NULL,'Lakeland',17028,'660-341-4039','bashpole35@bbc.co.uk'),(1115,'Philippines','1160','Manufacturers',1983,'345-795-2890','cmcquarter36@icq.com'),(1116,'China',NULL,'Pearson',9,'956-504-6000','ogreenleaf37@illinois.edu'),(1117,'Poland','62-056','Cherokee',4863,'194-452-5719','lbiles38@google.com'),(1118,'Dominican Republic','10801','Manufacturers',9,'412-885-5984','jdelahunt39@cnbc.com'),(1119,'Philippines','1960','Sutherland',75,'522-413-4967','isutliff3a@pcworld.com'),(1120,'China',NULL,'Dixon',72738,'352-930-2326','rmccorkell3b@51.la'),(1121,'China',NULL,'Coolidge',5,'501-389-4149','pferber3c@devhub.com'),(1122,'Indonesia',NULL,'Talmadge',31601,'459-241-3631','eamps3d@discovery.com'),(1123,'Croatia','42222','Harper',76824,'973-621-8520','ebache3e@mayoclinic.com'),(1124,'China',NULL,'Carpenter',6905,'205-590-8204','egeerits3f@gizmodo.com'),(1125,'Czech Republic','549 63','Dahle',4398,'782-399-5006','gshelvey3g@accuweather.com'),(1126,'Philippines','4430','La Follette',42096,'903-782-9769','dmatschoss3h@imdb.com'),(1127,'China',NULL,'West',1776,'173-834-0745','rchomicki3i@ftc.gov'),(1128,'Morocco',NULL,'Glendale',9229,'177-652-1220','chaley3j@reddit.com'),(1129,'South Africa','1160','Old Gate',29,'672-226-9001','gmugridge3k@google.it'),(1130,'China',NULL,'School',811,'105-779-5718','ihawes3l@moonfruit.com'),(1131,'China',NULL,'Prairieview',10,'133-846-9734','gbeeswing3m@fema.gov'),(1132,'Philippines','8011','Merrick',27398,'826-450-6832','kector3n@nhs.uk'),(1133,'China',NULL,'Morningstar',7984,'869-814-0103','fmacclinton3o@xinhuanet.com'),(1134,'United States','39282','Sachs',8,'601-739-5083','rgoldson3p@booking.com'),(1135,'China',NULL,'Transport',2,'429-628-6895','bosorio3q@google.com'),(1136,'Kenya',NULL,'Vermont',80750,'366-958-0971','lsollom3r@unicef.org'),(1137,'Philippines','9708','Sachtjen',5,'431-810-9278','ccottrill3s@state.tx.us'),(1138,'Afghanistan',NULL,'Fairfield',978,'433-727-5105','dblamey3t@bravesites.com'),(1139,'Bolivia',NULL,'Arapahoe',3,'132-225-0788','bhecks3u@cornell.edu'),(1140,'Colombia','521529','Summerview',1604,'118-406-4993','shastwell3v@nih.gov'),(1141,'Peru',NULL,'Kim',371,'762-871-9763','kthandi3w@tinypic.com'),(1142,'China',NULL,'Dapin',29258,'422-417-9051','rcrass3x@google.ca'),(1143,'Ukraine',NULL,'Logan',8991,'767-664-8516','kheald3y@sina.com.cn'),(1144,'Vietnam',NULL,'Donald',2709,'491-205-2072','bissett3z@simplemachines.org'),(1145,'Brazil','18650-000','Forster',50,'556-190-6735','bcappleman40@comsenz.com'),(1146,'Peru',NULL,'Portage',196,'465-463-3228','dsomersett41@printfriendly.com'),(1147,'China',NULL,'Lakewood Gardens',98,'715-168-3752','crowdell42@foxnews.com'),(1148,'Japan','865-0005','Rusk',2534,'272-720-9867','ttimberlake43@ocn.ne.jp'),(1149,'Japan','990-0711','Dryden',7376,'468-907-9375','tdunstall44@rakuten.co.jp'),(1150,'Portugal','4785-512','Kim',27,'839-316-5078','bwindsor45@webeden.co.uk'),(1151,'China',NULL,'Fairview',291,'918-984-7709','fgaule46@wunderground.com'),(1152,'Indonesia',NULL,'Canary',21239,'740-842-7308','abrigshaw47@posterous.com'),(1153,'Indonesia',NULL,'Lighthouse Bay',4,'278-913-3345','gcalyton48@apache.org'),(1154,'South Africa','0699','Ronald Regan',59,'255-549-8569','mkyrkeman49@washington.edu'),(1155,'Russia','445359','Raven',825,'375-394-6185','ndodson4a@ucoz.ru'),(1156,'Philippines','9214','Evergreen',31927,'685-479-5552','eedmott4b@woothemes.com'),(1157,'North Korea',NULL,'International',7113,'403-238-2844','cosboldstone4c@reuters.com'),(1158,'Indonesia',NULL,'American',87288,'490-600-5225','nmcmurthy4d@amazon.co.uk'),(1159,'United States','78764','Thierer',63,'512-551-3483','fkanter4e@delicious.com'),(1160,'Czech Republic','411 47','Melvin',2,'746-928-2266','screese4f@hatena.ne.jp'),(1161,'China',NULL,'Manitowish',497,'633-432-8764','cbainbrigge4g@deviantart.com'),(1162,'Sri Lanka','91000','Transport',505,'575-804-3718','aralling4h@geocities.com'),(1163,'Indonesia',NULL,'Declaration',701,'615-783-4260','upiecha4i@cnbc.com'),(1164,'China',NULL,'Gale',712,'516-123-8878','rgridon4j@devhub.com'),(1165,'Greece',NULL,'Reindahl',0,'336-158-7377','rstirzaker4k@goodreads.com'),(1166,'Indonesia',NULL,'Superior',162,'643-911-4813','ckulic4l@mit.edu'),(1167,'Samoa',NULL,'Elmside',0,'840-694-4098','jpenas4m@163.com'),(1168,'Ukraine',NULL,'Carey',61782,'383-282-3132','cgrigoli4n@google.co.jp'),(1169,'Guam','96911','Butterfield',304,'546-676-0353','ttimperley4o@usa.gov'),(1170,'Indonesia',NULL,'Sullivan',857,'818-206-1268','ddamper4p@shutterfly.com'),(1171,'China',NULL,'Kinsman',61,'929-554-5035','lyushankin4q@scribd.com'),(1172,'Mauritius',NULL,'Almo',89,'737-142-0728','hlehr4r@xrea.com'),(1173,'China',NULL,'Waxwing',950,'476-675-2408','ngiorgi4s@cisco.com'),(1174,'Portugal','2705-188','Kingsford',7,'140-402-5842','sbonas4t@sciencedaily.com'),(1175,'Sri Lanka','11320','Menomonie',86,'772-406-1277','cretallack4u@people.com.cn'),(1176,'Bangladesh','1330','Hauk',8149,'219-876-7330','mitzcak4v@istockphoto.com'),(1177,'Portugal','9350-031','Dottie',54216,'558-183-4379','gworlidge4w@noaa.gov'),(1178,'United States','32941','Northwestern',63211,'321-385-3204','gturmell4x@a8.net'),(1179,'China',NULL,'Meadow Ridge',215,'606-779-4743','lfoulstone4y@amazonaws.com'),(1180,'Portugal','5070-085','Fulton',398,'138-921-1827','cwindous4z@163.com'),(1181,'Russia','142843','Cody',2394,'143-341-4956','lwaddilow50@hexun.com'),(1182,'Nicaragua',NULL,'Thierer',3,'624-696-5055','hniland51@shinystat.com'),(1183,'Russia','307450','Jay',400,'501-810-2408','cjelks52@reverbnation.com'),(1184,'Vietnam',NULL,'Elmside',5661,'437-138-2122','cshorton53@free.fr'),(1185,'United States','99522','Lotheville',48633,'907-349-9053','mtombleson54@about.me'),(1186,'Russia','446533','Bay',68,'845-757-5084','sace55@oaic.gov.au'),(1187,'Ukraine',NULL,'Stang',585,'119-132-1434','fcescotti56@myspace.com'),(1188,'United States','10039','Hermina',6995,'212-738-9273','fllewhellin57@ow.ly'),(1189,'Czech Republic','399 01','Spenser',17,'276-816-8261','aaubri58@toplist.cz'),(1190,'Norway','0915','Miller',18,'991-263-7926','scicchetto59@ca.gov'),(1191,'Sweden','703 64','Ramsey',85070,'824-465-7396','docosgra5a@ustream.tv'),(1192,'Venezuela',NULL,'David',84,'459-802-9973','smichelmore5b@wix.com'),(1193,'Sweden','833 34','Manley',7639,'122-446-4072','mklaes5c@youtu.be'),(1194,'Argentina','2752','Donald',63996,'525-793-6217','oallawy5d@hp.com'),(1195,'Indonesia',NULL,'Village Green',1,'357-103-8340','adaykin5e@amazonaws.com'),(1196,'Poland','16-010','Buena Vista',464,'657-392-5500','aclilverd5f@yandex.ru'),(1197,'Russia','617191','Moland',70,'251-954-7615','csidnell5g@cornell.edu'),(1198,'Cyprus',NULL,'Green',232,'644-916-3634','gploughwright5h@1688.com'),(1199,'Canada','V8C','Graceland',6992,'256-969-6114','akinze5i@fc2.com'),(1200,'Russia','452815','Dottie',4,'372-517-8492','ckapelhoff5j@ted.com');
/*!40000 ALTER TABLE `contactinfo` ENABLE KEYS */;
UNLOCK TABLES;

--
-- Table structure for table `directors`
--

DROP TABLE IF EXISTS `directors`;
/*!40101 SET @saved_cs_client     = @@character_set_client */;
/*!50503 SET character_set_client = utf8mb4 */;
CREATE TABLE `directors` (
  `Directors_Director_id` int NOT NULL,
  `Directors_Movie_id` int NOT NULL,
  `Directors_PersonData_id` int NOT NULL,
  PRIMARY KEY (`Directors_Director_id`,`Directors_Movie_id`,`Directors_PersonData_id`),
  KEY `fk_Movies_has_Directors_Movies1_idx` (`Directors_Movie_id`),
  KEY `fk_Movies_has_Directors_PersonData1_idx` (`Directors_PersonData_id`),
  CONSTRAINT `fk_Movies_has_Directors_Movies1` FOREIGN KEY (`Directors_Movie_id`) REFERENCES `movies` (`Movie_id`) ON DELETE RESTRICT ON UPDATE RESTRICT,
  CONSTRAINT `fk_Movies_has_Directors_PersonData1` FOREIGN KEY (`Directors_PersonData_id`) REFERENCES `persondata` (`PersonData_id`) ON DELETE RESTRICT ON UPDATE RESTRICT
) ENGINE=InnoDB DEFAULT CHARSET=utf8;
/*!40101 SET character_set_client = @saved_cs_client */;

--
-- Dumping data for table `directors`
--

LOCK TABLES `directors` WRITE;
/*!40000 ALTER TABLE `directors` DISABLE KEYS */;
INSERT INTO `directors` VALUES (16,2,664),(150,2,204),(236,2,407),(12,3,541),(13,3,159),(85,3,280),(127,3,461),(140,4,985),(53,5,394),(62,6,427),(153,7,440),(271,9,526),(10,10,538),(11,10,698),(8,12,482),(144,12,562),(227,12,648),(288,12,707),(15,13,76),(26,14,405),(233,14,398),(44,16,638),(257,18,846),(45,19,20),(49,19,152),(239,19,539),(272,19,923),(195,20,454),(74,21,572),(133,21,108),(168,21,917),(166,22,754),(234,22,499),(155,23,100),(52,24,812),(96,26,189),(159,29,68),(110,30,967),(201,31,119),(287,31,155),(123,33,340),(258,33,760),(5,34,214),(264,35,276),(56,36,403),(213,36,168),(66,37,670),(158,37,967),(216,37,401),(232,37,983),(276,38,581),(88,40,478),(90,40,444),(64,41,548),(98,42,815),(266,43,865),(89,44,107),(95,44,699),(274,44,632),(38,47,528),(180,47,700),(289,47,110),(291,47,808),(163,48,324),(230,48,33),(295,48,844),(105,49,746),(106,49,320),(126,50,454),(238,50,742),(72,51,443),(241,52,994),(193,53,727),(296,53,12),(187,56,312),(147,58,502),(28,59,621),(29,59,521),(254,59,563),(292,59,675),(23,60,346),(120,60,563),(112,61,860),(242,61,503),(267,61,100),(31,62,514),(87,63,865),(99,63,620),(6,64,623),(204,64,604),(19,65,876),(54,65,730),(14,66,920),(22,66,123),(211,67,759),(27,68,268),(92,68,544),(260,69,212),(225,70,579),(93,72,130),(282,72,883),(69,73,359),(111,73,216),(222,73,888),(290,73,892),(55,74,449),(103,74,483),(284,74,331),(119,75,448),(212,75,675),(78,77,629),(177,77,358),(65,79,462),(107,79,107),(246,79,620),(281,80,23),(124,81,880),(228,81,319),(34,82,341),(256,82,979),(91,83,557),(97,83,458),(293,83,978),(184,84,322),(47,85,508),(138,85,682),(30,86,447),(214,86,454),(199,87,120),(206,87,845),(60,88,577),(83,88,153),(156,88,451),(179,89,809),(1,90,956),(189,91,243),(219,91,245),(82,93,421),(131,93,914),(122,94,727),(100,95,320),(165,95,271),(148,97,226),(57,98,574),(191,98,362),(81,99,188),(125,99,204),(192,99,69),(259,99,857),(160,100,382),(237,100,857),(109,101,507),(146,101,864),(176,101,934),(118,102,197),(37,104,67),(40,104,255),(75,104,454),(129,104,18),(247,104,800),(300,104,38),(114,108,967),(261,108,804),(269,108,939),(174,109,402),(235,109,266),(251,109,828),(175,112,976),(21,113,700),(63,114,553),(136,114,622),(18,115,266),(197,117,921),(262,117,249),(263,117,414),(231,119,230),(68,120,274),(200,120,893),(50,121,279),(188,121,444),(20,122,535),(58,122,18),(73,122,795),(139,123,681),(134,125,135),(161,125,599),(285,125,345),(79,126,612),(102,130,529),(7,134,745),(270,134,902),(2,137,449),(243,137,547),(280,137,144),(4,138,284),(203,138,542),(101,139,220),(121,139,186),(143,139,919),(164,141,737),(268,142,678),(41,143,336),(80,143,557),(84,143,598),(252,143,988),(255,143,148),(35,144,317),(42,144,542),(217,144,299),(86,145,585),(208,145,987),(245,145,446),(275,145,400),(215,146,296),(70,149,397),(224,149,191),(244,149,408),(25,150,715),(76,150,166),(182,150,22),(249,150,411),(250,150,105),(142,151,282),(3,152,144),(185,152,55),(9,153,31),(132,153,620),(173,154,4),(194,154,488),(128,155,907),(220,155,91),(298,155,129),(273,157,416),(294,157,94),(198,159,278),(218,159,805),(77,161,752),(113,161,24),(162,161,286),(169,161,995),(286,161,361),(202,163,992),(46,164,599),(43,165,794),(71,165,790),(24,166,53),(157,166,189),(207,166,336),(210,167,243),(116,169,677),(181,169,947),(223,169,534),(137,171,631),(154,171,155),(183,171,133),(196,171,530),(299,172,435),(48,173,725),(104,173,366),(149,174,757),(190,174,53),(209,175,67),(297,177,768),(141,178,906),(283,178,594),(32,179,885),(178,179,941),(229,179,637),(17,180,309),(167,180,518),(39,181,662),(135,181,717),(33,182,637),(59,182,47),(248,184,407),(277,184,785),(61,185,636),(94,185,436),(115,186,174),(278,186,325),(117,189,934),(240,189,9),(51,190,535),(67,190,641),(130,190,679),(226,190,737),(205,191,25),(265,191,287),(145,192,668),(186,192,265),(151,194,605),(171,194,568),(172,194,420),(279,194,134),(221,195,907),(36,198,901),(108,199,960),(253,199,325),(152,200,373),(170,200,947);
/*!40000 ALTER TABLE `directors` ENABLE KEYS */;
UNLOCK TABLES;

--
-- Temporary view structure for view `directors_view`
--

DROP TABLE IF EXISTS `directors_view`;
/*!50001 DROP VIEW IF EXISTS `directors_view`*/;
SET @saved_cs_client     = @@character_set_client;
/*!50503 SET character_set_client = utf8mb4 */;
/*!50001 CREATE VIEW `directors_view` AS SELECT 
 1 AS `First name`,
 1 AS `Last name`,
 1 AS `Gender`,
 1 AS `Birthdate`,
 1 AS `Married`*/;
SET character_set_client = @saved_cs_client;

--
-- Temporary view structure for view `full_view`
--

DROP TABLE IF EXISTS `full_view`;
/*!50001 DROP VIEW IF EXISTS `full_view`*/;
SET @saved_cs_client     = @@character_set_client;
/*!50503 SET character_set_client = utf8mb4 */;
/*!50001 CREATE VIEW `full_view` AS SELECT 
 1 AS `Movie_id`,
 1 AS `Movie_Title`,
 1 AS `Movie_Length`,
 1 AS `Movie_Year`,
 1 AS `Movie_Rating`,
 1 AS `Movie_Genre`,
 1 AS `Movie_Description`,
 1 AS `Movie_ProductionCompany`,
 1 AS `Movies_has_Characters_Movie_id`,
 1 AS `Movies_has_Characters_Character_id`,
 1 AS `Trailer_id`,
 1 AS `Trailer_Url`,
 1 AS `Trailer_Movie_id`,
 1 AS `Poster_id`,
 1 AS `Poster_Url`,
 1 AS `Poster_Movie_id`,
 1 AS `Language_id`,
 1 AS `Language_Name`,
 1 AS `Language_Movie_id`,
 1 AS `ProductionCompany_id`,
 1 AS `ProductionCompany_Name`,
 1 AS `ProductionCompany_ContactInfo`,
 1 AS `Directors_Director_id`,
 1 AS `Directors_Movie_id`,
 1 AS `Directors_PersonData_id`,
 1 AS `Character_id`,
 1 AS `Character_Name`,
 1 AS `Character_PersonData`,
 1 AS `PersonData_id`,
 1 AS `PersonData_FirstName`,
 1 AS `PersonData_LastName`,
 1 AS `PersonData_Gender`,
 1 AS `PersonData_BirthDate`,
 1 AS `PersonData_Married`,
 1 AS `PersonData_ContactInfo_id`,
 1 AS `ContactInfo_id`,
 1 AS `ContactInfo_Country`,
 1 AS `ContactInfo_Zip`,
 1 AS `ContactInfo_Street`,
 1 AS `ContactInfo_StreetNumber`,
 1 AS `ContactInfo_Phone`,
 1 AS `ContactInfo_Email`*/;
SET character_set_client = @saved_cs_client;

--
-- Table structure for table `languages`
--

DROP TABLE IF EXISTS `languages`;
/*!40101 SET @saved_cs_client     = @@character_set_client */;
/*!50503 SET character_set_client = utf8mb4 */;
CREATE TABLE `languages` (
  `Language_id` int NOT NULL AUTO_INCREMENT,
  `Language_Name` varchar(45) NOT NULL,
  `Language_Movie_id` int NOT NULL,
  PRIMARY KEY (`Language_id`),
  KEY `fk_Languages_Movies1_idx` (`Language_Movie_id`),
  CONSTRAINT `fk_Languages_Movies1` FOREIGN KEY (`Language_Movie_id`) REFERENCES `movies` (`Movie_id`) ON DELETE RESTRICT ON UPDATE RESTRICT
) ENGINE=InnoDB AUTO_INCREMENT=201 DEFAULT CHARSET=utf8;
/*!40101 SET character_set_client = @saved_cs_client */;

--
-- Dumping data for table `languages`
--

LOCK TABLES `languages` WRITE;
/*!40000 ALTER TABLE `languages` DISABLE KEYS */;
INSERT INTO `languages` VALUES (1,'Assamese',76),(2,'Dutch',166),(3,'Hebrew',20),(4,'Indonesian',177),(5,'Icelandic',191),(6,'Croatian',65),(7,'Hindi',20),(8,'Macedonian',135),(9,'Arabic',113),(10,'Bislama',160),(11,'Bulgarian',119),(12,'French',170),(13,'Aymara',86),(14,'Northern Sotho',168),(15,'Italian',61),(16,'Azeri',37),(17,'Punjabi',198),(18,'Mongolian',183),(19,'Bulgarian',142),(20,'Kyrgyz',132),(21,'New Zealand Sign Language',154),(22,'Quechua',173),(23,'Hebrew',191),(24,'Hungarian',52),(25,'Bengali',154),(26,'Kurdish',124),(27,'Korean',105),(28,'Swahili',107),(29,'Catalan',128),(30,'Czech',183),(31,'Croatian',91),(32,'Moldovan',18),(33,'Pashto',60),(34,'Estonian',28),(35,'Guaran',197),(36,'Hebrew',180),(37,'Estonian',133),(38,'Spanish',36),(39,'Italian',123),(40,'Northern Sotho',139),(41,'Guaran',75),(42,'Oriya',111),(43,'Lao',158),(44,'Bislama',137),(45,'Guaran',57),(46,'Aymara',98),(47,'Azeri',110),(48,'Finnish',146),(49,'Armenian',10),(50,'Arabic',29),(51,'Azeri',40),(52,'Kannada',85),(53,'Chinese',153),(54,'Papiamento',199),(55,'Hiri Motu',137),(56,'Hindi',175),(57,'Czech',159),(58,'Dutch',184),(59,'Kannada',77),(60,'Hindi',194),(61,'Gagauz',199),(62,'Kazakh',75),(63,'German',187),(64,'Burmese',108),(65,'Nepali',69),(66,'French',20),(67,'Danish',148),(68,'Swahili',180),(69,'Hiri Motu',184),(70,'Czech',173),(71,'Filipino',143),(72,'Kyrgyz',191),(73,'Kazakh',50),(74,'Hiri Motu',109),(75,'Sotho',92),(76,'Kazakh',76),(77,'Macedonian',87),(78,'Catalan',46),(79,'Tetum',117),(80,'Danish',112),(81,'Italian',157),(82,'Romanian',143),(83,'Amharic',162),(84,'Sotho',192),(85,'Lithuanian',125),(86,'New Zealand Sign Language',5),(87,'Macedonian',67),(88,'Maltese',133),(89,'Romanian',103),(90,'Kazakh',131),(91,'Oriya',95),(92,'West Frisian',64),(93,'Hindi',50),(94,'Hungarian',164),(95,'Croatian',182),(96,'Chinese',49),(97,'Dutch',70),(98,'Papiamento',82),(99,'Khmer',118),(100,'Polish',40),(101,'Hindi',196),(102,'New Zealand Sign Language',132),(103,'Malay',159),(104,'Hindi',168),(105,'Tsonga',84),(106,'Lithuanian',171),(107,'Azeri',77),(108,'Japanese',179),(109,'Guaran',78),(110,'Polish',158),(111,'Azeri',82),(112,'German',40),(113,'Hungarian',81),(114,'Zulu',170),(115,'Dutch',114),(116,'Malagasy',88),(117,'Dari',103),(118,'Gujarati',93),(119,'Papiamento',12),(120,'Arabic',143),(121,'Guaran',98),(122,'Gujarati',21),(123,'Gagauz',118),(124,'Gagauz',59),(125,'Luxembourgish',115),(126,'Yiddish',28),(127,'Yiddish',41),(128,'Maltese',95),(129,'Amharic',21),(130,'Bengali',169),(131,'Portuguese',183),(132,'Albanian',72),(133,'Papiamento',17),(134,'Greek',27),(135,'Greek',172),(136,'English',64),(137,'Tetum',87),(138,'Dutch',170),(139,'Amharic',90),(140,'Kyrgyz',107),(141,'West Frisian',178),(142,'Malay',28),(143,'Dari',170),(144,'Bengali',6),(145,'Finnish',39),(146,'Lithuanian',90),(147,'Czech',171),(148,'Quechua',149),(149,'Haitian Creole',75),(150,'Mori',177),(151,'Kyrgyz',29),(152,'Kannada',114),(153,'Polish',62),(154,'English',43),(155,'Albanian',174),(156,'Bosnian',57),(157,'Tajik',125),(158,'Burmese',181),(159,'Somali',186),(160,'Macedonian',162),(161,'Tsonga',54),(162,'Portuguese',80),(163,'Sotho',180),(164,'Bislama',119),(165,'Spanish',61),(166,'Burmese',197),(167,'Tajik',59),(168,'Swati',18),(169,'Kazakh',56),(170,'Czech',157),(171,'Malagasy',82),(172,'Northern Sotho',29),(173,'Kazakh',8),(174,'Northern Sotho',160),(175,'Ndebele',36),(176,'Japanese',96),(177,'Hiri Motu',120),(178,'English',59),(179,'Armenian',129),(180,'Albanian',183),(181,'Quechua',144),(182,'Swati',41),(183,'Macedonian',21),(184,'Malayalam',153),(185,'Montenegrin',61),(186,'Montenegrin',163),(187,'Tetum',13),(188,'Fijian',34),(189,'Norwegian',39),(190,'Assamese',171),(191,'Dutch',188),(192,'Dari',63),(193,'Bulgarian',21),(194,'Tamil',168),(195,'Bislama',115),(196,'Malayalam',4),(197,'Somali',73),(198,'Lao',113),(199,'Yiddish',147),(200,'Moldovan',156);
/*!40000 ALTER TABLE `languages` ENABLE KEYS */;
UNLOCK TABLES;

--
-- Temporary view structure for view `movie_view`
--

DROP TABLE IF EXISTS `movie_view`;
/*!50001 DROP VIEW IF EXISTS `movie_view`*/;
SET @saved_cs_client     = @@character_set_client;
/*!50503 SET character_set_client = utf8mb4 */;
/*!50001 CREATE VIEW `movie_view` AS SELECT 
 1 AS `Title`,
 1 AS `Year`,
 1 AS `Genre`,
 1 AS `Length`*/;
SET character_set_client = @saved_cs_client;

--
-- Table structure for table `movies`
--

DROP TABLE IF EXISTS `movies`;
/*!40101 SET @saved_cs_client     = @@character_set_client */;
/*!50503 SET character_set_client = utf8mb4 */;
CREATE TABLE `movies` (
  `Movie_id` int NOT NULL AUTO_INCREMENT,
  `Movie_Title` varchar(255) NOT NULL,
  `Movie_Length` time DEFAULT NULL,
  `Movie_Year` year DEFAULT NULL,
  `Movie_Rating` float DEFAULT NULL,
  `Movie_Genre` varchar(45) DEFAULT NULL,
  `Movie_Description` text,
  `Movie_ProductionCompany` int DEFAULT NULL,
  PRIMARY KEY (`Movie_id`),
  KEY `fk_Movies_ProductionCompanies1_idx` (`Movie_ProductionCompany`),
  CONSTRAINT `fk_Movies_ProductionCompanies1` FOREIGN KEY (`Movie_ProductionCompany`) REFERENCES `productioncompanies` (`ProductionCompany_id`) ON DELETE RESTRICT ON UPDATE RESTRICT
) ENGINE=InnoDB AUTO_INCREMENT=201 DEFAULT CHARSET=utf8;
/*!40101 SET character_set_client = @saved_cs_client */;

--
-- Dumping data for table `movies`
--

LOCK TABLES `movies` WRITE;
/*!40000 ALTER TABLE `movies` DISABLE KEYS */;
INSERT INTO `movies` VALUES (1,'Shadow Company','01:09:00',2008,6.8,'Documentary|War','ante nulla justo aliquam quis turpis eget elit sodales scelerisque mauris sit amet',1),(2,'Lady Liberty','02:50:00',1994,1.2,'Comedy','justo morbi ut odio cras mi pede malesuada in imperdiet et',13),(3,'Lush Life','02:43:00',2001,1.7,'Drama|Musical','ultrices posuere cubilia curae nulla dapibus dolor vel est donec odio justo sollicitudin ut suscipit a feugiat et',8),(4,'Black Cloud','01:34:00',2003,8.6,'Drama','ultrices posuere cubilia curae mauris viverra diam vitae quam suspendisse potenti nullam porttitor lacus',11),(5,'Black Water','01:51:00',2006,5.2,'Adventure|Drama|Horror|Thriller','primis in faucibus orci luctus et ultrices posuere cubilia curae duis faucibus accumsan odio curabitur convallis',80),(6,'For Love or Country: The Arturo Sandoval Story','02:10:00',1998,2.5,'Drama|Musical','erat tortor sollicitudin mi sit amet lobortis sapien sapien non mi integer ac',22),(7,'Headless Woman, The (Mujer sin cabeza, La)','02:52:00',1991,3.4,'Drama|Mystery|Thriller','quam pede lobortis ligula sit amet eleifend pede libero quis orci nullam molestie nibh in lectus pellentesque at',5),(8,'Encino Man','01:43:00',1990,3.5,'Comedy','a suscipit nulla elit ac nulla sed vel enim sit amet nunc viverra dapibus nulla suscipit',77),(9,'High Road to China','01:18:00',2005,7.2,'Adventure|Drama|Romance|War','maecenas tincidunt lacus at velit vivamus vel nulla eget eros elementum pellentesque quisque porta volutpat erat quisque erat eros',42),(10,'Lucas','01:23:00',1993,9,'Drama|Romance','tempus semper est quam pharetra magna ac consequat metus sapien ut nunc vestibulum ante ipsum primis in faucibus orci luctus',44),(11,'Assa','02:42:00',1993,1.8,'Crime|Drama','justo nec condimentum neque sapien placerat ante nulla justo aliquam quis turpis eget elit sodales scelerisque mauris sit',19),(12,'Yobi, The Five-Tailed Fox','01:30:00',2004,5.2,'Animation|Fantasy','ornare consequat lectus in est risus auctor sed tristique in tempus sit amet sem fusce consequat',64),(13,'Future by Design','01:09:00',1999,8.2,'Documentary|Sci-Fi','fusce lacus purus aliquet at feugiat non pretium quis lectus suspendisse potenti in eleifend quam a odio in',82),(14,'Newsfront','01:09:00',2003,3.3,'Drama','tincidunt in leo maecenas pulvinar lobortis est phasellus sit amet erat nulla',21),(15,'Death in Buenos Aires (Muerte en Buenos Aires)','01:16:00',2004,7.7,'Crime|Drama|Romance','mus etiam vel augue vestibulum rutrum rutrum neque aenean auctor gravida',75),(16,'Torment','02:14:00',1992,5,'Horror|Thriller','in lectus pellentesque at nulla suspendisse potenti cras in purus eu magna vulputate luctus cum sociis natoque penatibus et magnis',61),(17,'Leatherface: Texas Chainsaw Massacre III','01:56:00',1997,3.5,'Comedy|Horror|Thriller','quisque ut erat curabitur gravida nisi at nibh in hac habitasse platea dictumst aliquam augue',33),(18,'Unrest','01:31:00',1996,8.7,'Horror|Thriller','id nulla ultrices aliquet maecenas leo odio condimentum id luctus nec molestie sed justo pellentesque viverra pede ac diam',39),(19,'Bending the Rules','01:51:00',1993,5.9,'Action|Drama','mattis odio donec vitae nisi nam ultrices libero non mattis pulvinar nulla pede ullamcorper augue',45),(20,'American President, The','02:10:00',2008,3,'Comedy|Drama|Romance','pretium quis lectus suspendisse potenti in eleifend quam a odio in hac habitasse platea dictumst maecenas ut massa',66),(21,'Sound Barrier, The','01:53:00',2006,5.8,'Drama','donec dapibus duis at velit eu est congue elementum in hac habitasse platea dictumst morbi vestibulum velit id',33),(22,'Yentl','01:47:00',2011,2.6,'Drama|Musical|Romance','volutpat sapien arcu sed augue aliquam erat volutpat in congue etiam justo etiam',39),(23,'Guyver, The','01:03:00',2006,2.7,'Action|Comedy|Sci-Fi','magnis dis parturient montes nascetur ridiculus mus etiam vel augue vestibulum',20),(24,'Fast Food, Fast Women','01:34:00',2003,5,'Comedy|Romance','eu mi nulla ac enim in tempor turpis nec euismod scelerisque quam turpis adipiscing',39),(25,'Legend of Zorro, The','02:35:00',1997,2.7,'Action|Adventure|Drama|Western','vestibulum ante ipsum primis in faucibus orci luctus et ultrices posuere cubilia',60),(26,'Babysitters, The','01:41:00',1999,1.9,'Drama','primis in faucibus orci luctus et ultrices posuere cubilia curae duis faucibus accumsan odio curabitur',22),(27,'Ladyhawke','01:35:00',2002,8.3,'Adventure|Fantasy|Romance','quis turpis eget elit sodales scelerisque mauris sit amet eros suspendisse accumsan tortor quis turpis sed ante vivamus',11),(28,'Sometime in August (Mitte Ende August)','02:32:00',1994,6.6,'Drama','mattis odio donec vitae nisi nam ultrices libero non mattis pulvinar nulla pede ullamcorper augue a',30),(29,'Sarah\'s Key (Elle s\'appelait Sarah)','02:40:00',1996,8.4,'Drama','venenatis turpis enim blandit mi in porttitor pede justo eu',27),(30,'Taking Lives','02:26:00',1995,1.1,'Crime|Drama|Thriller','mauris vulputate elementum nullam varius nulla facilisi cras non velit',18),(31,'Murder by Numbers','02:19:00',2001,6.3,'Crime|Thriller','eleifend donec ut dolor morbi vel lectus in quam fringilla',45),(32,'Judy Berlin','02:25:00',2004,4.7,'Drama','leo odio porttitor id consequat in consequat ut nulla sed accumsan felis ut',79),(33,'Tora-san Our Lovable Tramp (Otoko wa tsurai yo)','01:53:00',2006,4.6,'Comedy|Drama|Romance','nec nisi volutpat eleifend donec ut dolor morbi vel lectus in',33),(34,'Anna Lucasta','01:42:00',2010,5,'Drama','quis augue luctus tincidunt nulla mollis molestie lorem quisque ut erat curabitur gravida nisi at nibh',35),(35,'Loggerheads','01:31:00',1998,6.4,'Drama','dictumst aliquam augue quam sollicitudin vitae consectetuer eget rutrum at lorem',65),(36,'Enter Nowhere','01:13:00',1998,6.4,'Mystery|Thriller','primis in faucibus orci luctus et ultrices posuere cubilia curae donec pharetra magna vestibulum',70),(37,'Salvador (Puig Antich)','01:42:00',2010,3.3,'Drama','odio in hac habitasse platea dictumst maecenas ut massa quis augue luctus tincidunt nulla mollis molestie',71),(38,'Ethan Frome','02:53:00',1992,5.7,'Drama','posuere metus vitae ipsum aliquam non mauris morbi non lectus aliquam sit',62),(39,'Dark City','01:30:00',1994,4.7,'Adventure|Film-Noir|Sci-Fi|Thriller','pharetra magna ac consequat metus sapien ut nunc vestibulum ante ipsum',55),(40,'Macheads','01:45:00',2012,4,'Documentary','molestie lorem quisque ut erat curabitur gravida nisi at nibh in hac habitasse platea',75),(41,'Beautiful Girl','02:12:00',2008,2.3,'Drama','ut erat id mauris vulputate elementum nullam varius nulla facilisi cras non',25),(42,'Jessabelle','02:15:00',2004,3,'Horror|Thriller','dictumst maecenas ut massa quis augue luctus tincidunt nulla mollis molestie lorem quisque ut erat curabitur gravida nisi',35),(43,'Tony Rome','02:27:00',2012,5.4,'Crime|Drama|Thriller','non velit donec diam neque vestibulum eget vulputate ut ultrices vel augue',99),(44,'Aamir','02:51:00',2010,4.5,'Drama|Thriller','sed tristique in tempus sit amet sem fusce consequat nulla nisl nunc nisl duis bibendum felis sed interdum venenatis',60),(45,'The Karen Carpenter Story','02:17:00',1969,8.1,'(no genres listed)','tortor sollicitudin mi sit amet lobortis sapien sapien non mi integer ac neque duis bibendum morbi non',61),(46,'Bigga Than Ben','02:56:00',2009,4,'Crime|Drama','ac est lacinia nisi venenatis tristique fusce congue diam id',73),(47,'Putty Hill','01:22:00',1997,5.5,'Drama','urna ut tellus nulla ut erat id mauris vulputate elementum nullam varius nulla facilisi cras',40),(48,'Free Fall','02:25:00',2005,6.1,'Drama','nulla facilisi cras non velit nec nisi vulputate nonummy maecenas tincidunt lacus at velit vivamus vel nulla',68),(49,'Born Reckless','01:40:00',1992,4.5,'Comedy|Crime|Drama','hac habitasse platea dictumst etiam faucibus cursus urna ut tellus nulla ut erat id mauris vulputate elementum nullam varius',82),(50,'Invasion of the Body Snatchers','01:21:00',2012,4.2,'Horror|Sci-Fi|Thriller','pellentesque quisque porta volutpat erat quisque erat eros viverra eget congue eget semper rutrum nulla nunc purus phasellus in',3),(51,'Tatort: Im Schmerz geboren','02:23:00',2007,4.8,'Crime','ante vestibulum ante ipsum primis in faucibus orci luctus et ultrices posuere',8),(52,'102 Minutes That Changed America','02:33:00',1997,4.2,'Documentary','vivamus vestibulum sagittis sapien cum sociis natoque penatibus et magnis',43),(53,'When Father Was Away on Business (Otac na sluzbenom putu)','01:49:00',2004,1.1,'Drama','magna ac consequat metus sapien ut nunc vestibulum ante ipsum primis in faucibus orci',97),(54,'Prometheus','01:17:00',2008,4.5,'Action|Horror|Sci-Fi|IMAX','ut dolor morbi vel lectus in quam fringilla rhoncus mauris enim leo rhoncus sed vestibulum sit',67),(55,'Blood & Donuts','01:02:00',2006,5.6,'Comedy|Horror','in faucibus orci luctus et ultrices posuere cubilia curae donec pharetra magna vestibulum aliquet ultrices erat',68),(56,'Chaplin','01:55:00',1990,6.4,'Drama','porttitor lorem id ligula suspendisse ornare consequat lectus in est risus auctor sed tristique in tempus sit amet sem fusce',12),(57,'8th Wonderland','02:50:00',2011,4,'Drama|Thriller','in magna bibendum imperdiet nullam orci pede venenatis non sodales sed tincidunt eu felis fusce posuere felis sed lacus',18),(58,'Pathology','01:32:00',1995,7.1,'Crime|Horror|Thriller','mauris non ligula pellentesque ultrices phasellus id sapien in sapien iaculis congue vivamus metus arcu adipiscing molestie hendrerit',75),(59,'Atlantis, the Lost Continent','02:04:00',2000,6,'Adventure|Sci-Fi','mi pede malesuada in imperdiet et commodo vulputate justo in blandit',99),(60,'Exit to Hell','02:31:00',2011,1.6,'Action|Horror|Thriller','consequat lectus in est risus auctor sed tristique in tempus sit amet sem fusce consequat nulla',41),(61,'The Wonders','02:59:00',1994,3.3,'Drama','in faucibus orci luctus et ultrices posuere cubilia curae mauris viverra diam vitae quam suspendisse potenti nullam',45),(62,'Boys from Fengkuei, The (Feng gui lai de ren)','01:00:00',2001,5.9,'Drama','ipsum ac tellus semper interdum mauris ullamcorper purus sit amet nulla',57),(63,'Valley, The (Obscured by Clouds) (La valle)','02:58:00',1995,5.3,'Action|Drama','maecenas tincidunt lacus at velit vivamus vel nulla eget eros elementum pellentesque quisque porta volutpat erat quisque erat eros viverra',14),(64,'Oh, God! You Devil','02:21:00',2007,3,'Comedy','dictumst etiam faucibus cursus urna ut tellus nulla ut erat id mauris vulputate',77),(65,'New Daughter, The','02:56:00',2007,7.5,'Horror|Thriller','fusce consequat nulla nisl nunc nisl duis bibendum felis sed interdum venenatis',75),(66,'Dangerous Davies: The Last Detective','02:27:00',1985,5.9,'Comedy|Crime','nibh fusce lacus purus aliquet at feugiat non pretium quis lectus suspendisse potenti in',16),(67,'Just Cause','02:28:00',2011,8,'Mystery|Thriller','augue vel accumsan tellus nisi eu orci mauris lacinia sapien',60),(68,'Lady Killer','02:07:00',2003,6.7,'Drama|Romance|War','ligula nec sem duis aliquam convallis nunc proin at turpis a pede posuere nonummy integer non',26),(69,'New Best Friend','01:07:00',2004,6.8,'Drama|Thriller','quam turpis adipiscing lorem vitae mattis nibh ligula nec sem duis aliquam convallis nunc proin at turpis a pede posuere',45),(70,'Directed by John Ford','01:34:00',2007,3.6,'Documentary','sit amet justo morbi ut odio cras mi pede malesuada in imperdiet et',67),(71,'Bread, Love and Dreams (Pane, amore e fantasia)','01:55:00',2011,5.7,'Comedy|Romance','fusce lacus purus aliquet at feugiat non pretium quis lectus suspendisse potenti in eleifend quam a odio',54),(72,'NeverEnding Story, The','02:09:00',2001,1.1,'Adventure|Children|Fantasy','lobortis convallis tortor risus dapibus augue vel accumsan tellus nisi eu orci mauris lacinia sapien quis libero nullam sit amet',76),(73,'Cool as Ice','01:37:00',1988,6.3,'Drama','sodales scelerisque mauris sit amet eros suspendisse accumsan tortor quis',51),(74,'Duel in the Sun','02:52:00',1994,2,'Western','platea dictumst aliquam augue quam sollicitudin vitae consectetuer eget rutrum at lorem integer',77),(75,'Looking for Eric','02:52:00',1995,8.2,'Comedy|Drama|Fantasy','sit amet nulla quisque arcu libero rutrum ac lobortis vel',26),(76,'What If ...','02:32:00',1985,6.3,'Drama','auctor gravida sem praesent id massa id nisl venenatis lacinia aenean sit amet justo morbi ut odio',3),(77,'Stranger\'s Heart, A','01:48:00',1992,8.3,'Drama','sed accumsan felis ut at dolor quis odio consequat varius integer',30),(78,'Dancing Hawk, The (Tanczacy jastrzab)','01:14:00',1998,3.5,'(no genres listed)','nulla integer pede justo lacinia eget tincidunt eget tempus vel pede morbi porttitor lorem id ligula',93),(79,'Let\'s Make Love','02:51:00',2001,2.3,'Comedy|Musical|Romance','pretium iaculis diam erat fermentum justo nec condimentum neque sapien placerat',4),(80,'Little Giants','02:53:00',1988,2.6,'Children|Comedy','in tempus sit amet sem fusce consequat nulla nisl nunc nisl duis',25),(81,'Lettera Amorosa','02:12:00',1991,2.8,'(no genres listed)','sed tincidunt eu felis fusce posuere felis sed lacus morbi sem',10),(82,'Guantanamera','01:07:00',2008,6.1,'Comedy','et ultrices posuere cubilia curae mauris viverra diam vitae quam suspendisse potenti nullam porttitor lacus',45),(83,'Basara: Princess Goh','01:27:00',1991,3.3,'Drama','donec ut mauris eget massa tempor convallis nulla neque libero',74),(84,'That Sinking Feeling','01:59:00',2006,4.8,'Comedy','vestibulum eget vulputate ut ultrices vel augue vestibulum ante ipsum primis in faucibus orci luctus et ultrices posuere cubilia',9),(85,'Death In Love','02:02:00',1996,8.3,'Drama|Romance|War','vehicula condimentum curabitur in libero ut massa volutpat convallis morbi odio odio elementum eu interdum eu tincidunt in leo',35),(86,'Horns','01:02:00',2009,1,'Horror|Mystery','id mauris vulputate elementum nullam varius nulla facilisi cras non velit nec nisi',46),(87,'Dark Days','02:38:00',1993,2.8,'Documentary','eu nibh quisque id justo sit amet sapien dignissim vestibulum vestibulum ante ipsum primis in faucibus orci luctus et ultrices',78),(88,'Black on White (Mustaa valkoisella)','01:38:00',2001,2.2,'Drama','integer tincidunt ante vel ipsum praesent blandit lacinia erat vestibulum sed magna at',76),(89,'Attack Force Z (a.k.a. The Z Men) (Z-tzu te kung tui)','01:40:00',1985,3.8,'War','vel nisl duis ac nibh fusce lacus purus aliquet at feugiat non pretium quis lectus suspendisse potenti in eleifend quam',94),(90,'Den tatuerade nkan (Tattooed Widow, The) ','02:06:00',2003,7.9,'Comedy|Drama|Romance','duis at velit eu est congue elementum in hac habitasse platea dictumst',43),(91,'My Name is Khan','02:45:00',2010,6.1,'Drama|Romance','vestibulum quam sapien varius ut blandit non interdum in ante vestibulum ante ipsum',8),(92,'Starry Eyes','01:12:00',2011,8.1,'Horror','vestibulum sagittis sapien cum sociis natoque penatibus et magnis dis parturient montes nascetur ridiculus mus',35),(93,'Children Are Watching Us, The (Bambini ci guardano, I)','01:53:00',1992,4.2,'Drama','dapibus dolor vel est donec odio justo sollicitudin ut suscipit a feugiat et eros vestibulum ac est lacinia',20),(94,'Sune p bilsemester','01:52:00',1995,2.2,'Children|Comedy','orci nullam molestie nibh in lectus pellentesque at nulla suspendisse potenti cras in',59),(95,'Soft Shell Man (Un crabe dans la tte)','01:17:00',2004,7.2,'Drama|Romance','curae donec pharetra magna vestibulum aliquet ultrices erat tortor sollicitudin mi sit amet lobortis sapien sapien non mi integer ac',51),(96,'Predators','01:40:00',2004,7.9,'Action|Sci-Fi|Thriller','libero quis orci nullam molestie nibh in lectus pellentesque at nulla suspendisse potenti cras in purus eu magna vulputate luctus',15),(97,'Sunrise: A Song of Two Humans','02:14:00',1962,1.9,'Drama|Romance','vel augue vestibulum rutrum rutrum neque aenean auctor gravida sem praesent id massa id nisl venenatis',75),(98,'Life Is Hot in Cracktown','01:40:00',2005,8.8,'Drama','rhoncus aliquam lacus morbi quis tortor id nulla ultrices aliquet maecenas leo odio condimentum id luctus nec molestie sed justo',63),(99,'Parking (Ting che)','02:17:00',2011,3.1,'Crime|Drama','sapien non mi integer ac neque duis bibendum morbi non quam nec dui luctus',63),(100,'Blame It on the Bellboy','02:43:00',2011,3,'Comedy','ultrices vel augue vestibulum ante ipsum primis in faucibus orci luctus et ultrices posuere cubilia curae',81),(101,'Before the Devil Knows You\'re Dead','01:17:00',1997,4.4,'Crime|Drama|Thriller','diam erat fermentum justo nec condimentum neque sapien placerat ante nulla',15),(102,'I Dreamed of Africa','02:42:00',2009,5.6,'Drama','praesent lectus vestibulum quam sapien varius ut blandit non interdum in ante',25),(103,'Toll of the Sea, The','01:21:00',1986,6.3,'Drama|Romance','id massa id nisl venenatis lacinia aenean sit amet justo morbi ut odio cras mi pede malesuada in',58),(104,'Ruby Red','01:03:00',2003,8,'Adventure|Children|Fantasy|Sci-Fi','sapien a libero nam dui proin leo odio porttitor id consequat in consequat ut',79),(105,'Foolish Wives','02:52:00',2004,6.2,'Drama','mauris non ligula pellentesque ultrices phasellus id sapien in sapien iaculis congue vivamus metus arcu adipiscing molestie hendrerit',48),(106,'Fire Down Below','01:17:00',1998,4.9,'Action|Drama|Thriller','quam suspendisse potenti nullam porttitor lacus at turpis donec posuere metus vitae ipsum aliquam non mauris',40),(107,'Body Snatcher, The','01:42:00',2008,7.5,'Drama|Horror|Thriller','ultrices posuere cubilia curae duis faucibus accumsan odio curabitur convallis duis consequat dui nec nisi volutpat eleifend donec ut dolor',82),(108,'Third World Cop','01:43:00',2002,6.8,'Action','amet cursus id turpis integer aliquet massa id lobortis convallis tortor risus dapibus augue vel accumsan tellus nisi',37),(109,'Don\'t Tell Mom the Babysitter\'s Dead','02:49:00',2013,1.1,'Comedy','porttitor pede justo eu massa donec dapibus duis at velit eu est congue elementum in hac habitasse platea dictumst',65),(110,'Wyoming Renegades','01:40:00',2012,7.5,'Romance|Western','eu massa donec dapibus duis at velit eu est congue elementum in hac habitasse platea',46),(111,'Twilight','02:50:00',2005,1.7,'Drama|Fantasy|Romance|Thriller','mauris sit amet eros suspendisse accumsan tortor quis turpis sed ante vivamus tortor duis',53),(112,'Ballermann 6','02:24:00',2002,1.5,'Comedy','ullamcorper augue a suscipit nulla elit ac nulla sed vel enim sit amet nunc viverra dapibus nulla suscipit',71),(113,'Classe Tous Risques (Big Risk, The)','01:51:00',2009,2.5,'Crime|Drama|Film-Noir|Romance|Thriller','duis faucibus accumsan odio curabitur convallis duis consequat dui nec nisi volutpat eleifend',100),(114,'Drums Along the Mohawk','02:22:00',2000,7.3,'Adventure|War|Western','magnis dis parturient montes nascetur ridiculus mus etiam vel augue vestibulum rutrum',32),(115,'Tar','02:05:00',2009,1.3,'Drama','sagittis nam congue risus semper porta volutpat quam pede lobortis ligula sit amet eleifend pede libero quis',59),(116,'How I Unleashed World War II (Jak rozpetalem II wojne swiatowa)','02:23:00',2012,3.9,'Comedy|War','velit donec diam neque vestibulum eget vulputate ut ultrices vel augue vestibulum ante ipsum primis',81),(117,'Happy Here and Now','02:21:00',1997,2.3,'Drama','volutpat in congue etiam justo etiam pretium iaculis justo in hac habitasse platea dictumst etiam faucibus cursus urna ut tellus',29),(118,'President\'s Man, The','02:47:00',2004,4.6,'Action|Adventure|Thriller','enim in tempor turpis nec euismod scelerisque quam turpis adipiscing',6),(119,'Random Harvest','02:07:00',1996,4.6,'Drama|Romance','laoreet ut rhoncus aliquet pulvinar sed nisl nunc rhoncus dui vel sem sed sagittis nam',23),(120,'Around the Bend','01:04:00',1994,7.3,'Drama','primis in faucibus orci luctus et ultrices posuere cubilia curae donec pharetra magna vestibulum aliquet ultrices erat tortor',43),(121,'Buona Sera, Mrs. Campbell','02:31:00',2007,7.8,'Comedy','amet justo morbi ut odio cras mi pede malesuada in imperdiet et',15),(122,'Jnssonligan spelar hgt','02:42:00',1992,4.6,'Comedy','in quis justo maecenas rhoncus aliquam lacus morbi quis tortor id nulla ultrices aliquet maecenas leo odio',37),(123,'Number 23, The','01:54:00',2002,4.3,'Drama|Mystery|Thriller','orci pede venenatis non sodales sed tincidunt eu felis fusce posuere felis',39),(124,'Highway ','01:14:00',2008,4.6,'Crime|Drama|Romance','sit amet lobortis sapien sapien non mi integer ac neque',9),(125,'Cops and Robbersons','01:10:00',1994,8.3,'Comedy','in magna bibendum imperdiet nullam orci pede venenatis non sodales sed',95),(126,'Bless the Child','02:58:00',2004,5,'Thriller','hac habitasse platea dictumst maecenas ut massa quis augue luctus',63),(127,'Thomas Pynchon: A Journey into the Mind of P.','02:50:00',2010,4.8,'Documentary','nascetur ridiculus mus vivamus vestibulum sagittis sapien cum sociis natoque penatibus et magnis',38),(128,'Passage to Marseille','01:15:00',1988,4.6,'Adventure|Drama|War','venenatis non sodales sed tincidunt eu felis fusce posuere felis sed lacus',86),(129,'Day the Earth Caught Fire, The','01:10:00',1992,5,'Sci-Fi','ut tellus nulla ut erat id mauris vulputate elementum nullam varius nulla facilisi',24),(130,'Hud','02:08:00',2000,6.7,'Drama|Western','libero non mattis pulvinar nulla pede ullamcorper augue a suscipit nulla elit ac nulla sed vel enim sit amet nunc',91),(131,'Afterwards','02:21:00',2005,4.3,'Mystery','cursus vestibulum proin eu mi nulla ac enim in tempor',88),(132,'Man Who Couldn\'t Say No, The (Mies joka ei osannut sanoa EI)','01:50:00',2007,5.8,'Comedy|Drama|Romance','et magnis dis parturient montes nascetur ridiculus mus vivamus vestibulum sagittis sapien cum sociis natoque penatibus et magnis',4),(133,'Adjustment Bureau, The','02:41:00',1999,8.7,'Romance|Sci-Fi|Thriller','amet justo morbi ut odio cras mi pede malesuada in imperdiet et commodo vulputate justo in blandit ultrices',38),(134,'Stanley and Livingstone','01:16:00',2000,1.6,'Adventure|Drama','pellentesque eget nunc donec quis orci eget orci vehicula condimentum curabitur in libero ut massa volutpat convallis',54),(135,'Memories (Memorzu)','02:41:00',1992,1.4,'Animation|Fantasy|Sci-Fi|Thriller','molestie sed justo pellentesque viverra pede ac diam cras pellentesque volutpat dui maecenas tristique est et tempus',34),(136,'Largo Winch (Heir Apparent: Largo Winch, The)','01:45:00',1999,8.6,'Adventure|Thriller','dolor sit amet consectetuer adipiscing elit proin risus praesent lectus vestibulum quam sapien varius ut',94),(137,'Day of the Dead 2: Contagium','02:29:00',1996,1.7,'Horror|Sci-Fi','duis consequat dui nec nisi volutpat eleifend donec ut dolor',23),(138,'Grave Halloween','02:13:00',2004,3.2,'Horror','morbi non lectus aliquam sit amet diam in magna bibendum imperdiet nullam orci pede venenatis non sodales sed',51),(139,'Life After Beth','01:06:00',2013,4,'Comedy|Horror|Romance','curae nulla dapibus dolor vel est donec odio justo sollicitudin ut',10),(140,'Armageddon','02:38:00',1988,7.4,'Action|Romance|Sci-Fi|Thriller','blandit ultrices enim lorem ipsum dolor sit amet consectetuer adipiscing elit proin interdum mauris non ligula pellentesque',10),(141,'Salvation, The','01:41:00',2002,5.3,'Drama|Western','gravida nisi at nibh in hac habitasse platea dictumst aliquam augue quam sollicitudin vitae consectetuer',28),(142,'Xingu ','01:10:00',1996,8.7,'Adventure|Drama','consequat metus sapien ut nunc vestibulum ante ipsum primis in faucibus orci luctus et',43),(143,'Pilgrim, The','02:20:00',2008,6.1,'Comedy','mus vivamus vestibulum sagittis sapien cum sociis natoque penatibus et magnis dis parturient montes nascetur ridiculus mus etiam vel augue',68),(144,'Shadowlands','01:34:00',1987,8.4,'Drama|Romance','at turpis donec posuere metus vitae ipsum aliquam non mauris morbi',26),(145,'Pecker','01:10:00',1999,6.5,'Comedy|Drama','lorem ipsum dolor sit amet consectetuer adipiscing elit proin risus',86),(146,'Kundun','02:23:00',2000,2.2,'Drama','augue luctus tincidunt nulla mollis molestie lorem quisque ut erat curabitur gravida nisi at nibh in hac habitasse platea',64),(147,'American History X','02:44:00',2012,8.6,'Crime|Drama','penatibus et magnis dis parturient montes nascetur ridiculus mus etiam vel augue vestibulum rutrum',64),(148,'Holiday Inn','02:40:00',2008,1.1,'Comedy|Musical','vitae quam suspendisse potenti nullam porttitor lacus at turpis donec posuere',46),(149,'Toronto Stories','01:12:00',2009,3.6,'Drama','elementum in hac habitasse platea dictumst morbi vestibulum velit id pretium iaculis',67),(150,'Damn the Defiant! (H.M.S. Defiant)','01:14:00',2007,1.9,'Adventure|Drama','nam nulla integer pede justo lacinia eget tincidunt eget tempus vel pede morbi porttitor lorem id ligula',79),(151,'Notorious C.H.O.','01:26:00',2006,2.3,'Comedy','vitae quam suspendisse potenti nullam porttitor lacus at turpis donec posuere metus vitae ipsum aliquam non mauris',69),(152,'Girl with a Pearl Earring','01:26:00',1993,1.3,'Drama|Romance','lorem ipsum dolor sit amet consectetuer adipiscing elit proin risus praesent lectus',45),(153,'Breaktime, The (Zang-e Tafrih) (Recess)','02:16:00',1995,7.2,'Drama','orci vehicula condimentum curabitur in libero ut massa volutpat convallis morbi',31),(154,'20,000 Leagues Under the Sea','02:59:00',2012,3.3,'Adventure|Drama|Sci-Fi','justo pellentesque viverra pede ac diam cras pellentesque volutpat dui maecenas tristique',20),(155,'Bloody Murder','01:27:00',2007,6.1,'Drama|Horror|Thriller','diam erat fermentum justo nec condimentum neque sapien placerat ante nulla',66),(156,'Garden, The','01:39:00',1995,6,'Drama','lacus purus aliquet at feugiat non pretium quis lectus suspendisse potenti in eleifend quam a odio in',38),(157,'Killing of a Chinese Bookie, The','01:02:00',2002,4,'Comedy|Crime|Drama|Film-Noir|Musical','rutrum nulla nunc purus phasellus in felis donec semper sapien a libero nam dui proin leo odio porttitor id',28),(158,'Blast','01:05:00',1995,3,'Action|Comedy|Thriller','felis sed interdum venenatis turpis enim blandit mi in porttitor pede justo eu massa',26),(159,'Gen-Y Cops (Te jing xin ren lei 2) (Gen-X Cops 2: Metal Mayhem) (Metal Mayhem)','02:29:00',2012,2,'Action|Sci-Fi','orci mauris lacinia sapien quis libero nullam sit amet turpis elementum ligula vehicula consequat morbi a ipsum integer',86),(160,'Cinderfella','02:36:00',2008,5.8,'Comedy','consectetuer eget rutrum at lorem integer tincidunt ante vel ipsum praesent blandit lacinia erat vestibulum sed magna at nunc commodo',10),(161,'Rock & Rule','02:52:00',1997,1.2,'Animation|Fantasy|Musical|Sci-Fi','nulla suspendisse potenti cras in purus eu magna vulputate luctus cum sociis natoque penatibus et magnis dis parturient montes nascetur',43),(162,'Flu Bird','01:41:00',2008,4.7,'Horror','orci nullam molestie nibh in lectus pellentesque at nulla suspendisse potenti cras in purus eu magna vulputate luctus cum',10),(163,'Shadowlands','01:11:00',2008,5.5,'Drama|Romance','ultrices libero non mattis pulvinar nulla pede ullamcorper augue a',77),(164,'Hallelujah I\'m a Bum','01:11:00',2009,6.5,'Musical','primis in faucibus orci luctus et ultrices posuere cubilia curae',56),(165,'Saint (Sint)','01:05:00',2003,4.7,'Horror','molestie lorem quisque ut erat curabitur gravida nisi at nibh in hac habitasse platea dictumst aliquam augue',42),(166,'Sophia de Mello Breyner Andresen','01:42:00',1992,8.9,'Documentary','semper sapien a libero nam dui proin leo odio porttitor id consequat in consequat ut nulla sed accumsan',88),(167,'Austenland','02:16:00',1994,8.6,'Comedy|Romance','odio donec vitae nisi nam ultrices libero non mattis pulvinar nulla pede ullamcorper augue a suscipit nulla',84),(168,'Nine Deaths of the Ninja','02:06:00',1994,7,'Action','pretium iaculis justo in hac habitasse platea dictumst etiam faucibus cursus urna ut tellus nulla ut erat',53),(169,'Gendernauts','02:59:00',2001,4.4,'Documentary','est risus auctor sed tristique in tempus sit amet sem fusce consequat',55),(170,'Mummy: Tomb of the Dragon Emperor, The','01:33:00',2002,5.7,'Action|Adventure|Fantasy|Thriller','donec pharetra magna vestibulum aliquet ultrices erat tortor sollicitudin mi sit amet lobortis',80),(171,'Fist of Fury (Chinese Connection, The) (Jing wu men)','01:59:00',2008,6.9,'Action|Drama|Romance|Thriller','fusce consequat nulla nisl nunc nisl duis bibendum felis sed interdum venenatis turpis enim',47),(172,'Septien','02:39:00',1984,3.3,'Comedy|Drama|Mystery','interdum mauris ullamcorper purus sit amet nulla quisque arcu libero rutrum ac lobortis vel dapibus at',95),(173,'Dallas Buyers Club','02:21:00',2002,8.6,'Drama','lacinia eget tincidunt eget tempus vel pede morbi porttitor lorem id ligula',100),(174,'Come and Get It','01:41:00',1995,6.9,'Drama','vestibulum ante ipsum primis in faucibus orci luctus et ultrices posuere cubilia curae duis faucibus accumsan odio curabitur',44),(175,'Prime Cut','02:31:00',2011,5.2,'Action|Crime|Drama','leo pellentesque ultrices mattis odio donec vitae nisi nam ultrices libero non mattis pulvinar nulla pede ullamcorper augue',52),(176,'Bloody Murder 2: Closing Camp','02:38:00',1991,6.5,'Drama|Horror|Mystery|Thriller','lacus curabitur at ipsum ac tellus semper interdum mauris ullamcorper',50),(177,'Duck Soup','01:53:00',1969,5.9,'Comedy|Musical|War','mauris vulputate elementum nullam varius nulla facilisi cras non velit nec nisi vulputate nonummy maecenas',83),(178,'Big Fella','02:07:00',2007,1.6,'Drama|Musical','ut nulla sed accumsan felis ut at dolor quis odio',16),(179,'Big Bang in Tunguska (Das Rtsel von Tunguska)','01:14:00',2005,4.6,'Documentary','et ultrices posuere cubilia curae nulla dapibus dolor vel est donec',15),(180,'Blonde Crazy','01:43:00',1996,7.7,'Comedy|Crime|Drama|Romance','cubilia curae mauris viverra diam vitae quam suspendisse potenti nullam porttitor',48),(181,'Scarecrows','02:42:00',1992,8.1,'Horror','dolor sit amet consectetuer adipiscing elit proin risus praesent lectus vestibulum',53),(182,'Je suis n d\'une cigogne','02:14:00',2003,5.9,'Comedy|Fantasy','maecenas tristique est et tempus semper est quam pharetra magna ac',19),(183,'Yu-Gi-Oh!','01:39:00',1996,1.8,'Action|Adventure|Animation|Fantasy','mauris lacinia sapien quis libero nullam sit amet turpis elementum ligula vehicula consequat morbi a',64),(184,'Sacco and Vanzetti (Sacco e Vanzetti)','02:44:00',2004,1.2,'Drama','erat eros viverra eget congue eget semper rutrum nulla nunc purus phasellus in felis donec semper',71),(185,'Livid (Livide)','01:24:00',1991,8.2,'Fantasy|Horror','faucibus orci luctus et ultrices posuere cubilia curae duis faucibus accumsan odio',9),(186,'Pinchcliffe Grand Prix (Flklypa Grand Prix)','02:13:00',2011,2,'Adventure|Animation|Children|Comedy','scelerisque quam turpis adipiscing lorem vitae mattis nibh ligula nec sem duis aliquam convallis nunc',36),(187,'Alice in Wonderland','01:19:00',1999,7.6,'Adventure|Fantasy|IMAX','vitae ipsum aliquam non mauris morbi non lectus aliquam sit amet diam in magna bibendum imperdiet nullam orci',60),(188,'Palermo Shooting','01:29:00',1992,8.8,'Drama','lectus in quam fringilla rhoncus mauris enim leo rhoncus sed vestibulum',98),(189,'Celebrity','02:50:00',2012,4.6,'Comedy','hac habitasse platea dictumst etiam faucibus cursus urna ut tellus nulla',74),(190,'Detropia','01:33:00',1993,7.4,'Documentary','eleifend luctus ultricies eu nibh quisque id justo sit amet sapien dignissim vestibulum vestibulum ante',15),(191,'Lucy','02:24:00',1990,4.9,'Action|Sci-Fi','amet cursus id turpis integer aliquet massa id lobortis convallis tortor',50),(192,'Monsters vs. Aliens','01:13:00',2007,6.6,'Animation|Sci-Fi|IMAX','platea dictumst aliquam augue quam sollicitudin vitae consectetuer eget rutrum at lorem integer',46),(193,'Love and Pigeons','02:15:00',1992,5.5,'Comedy|Romance','nibh fusce lacus purus aliquet at feugiat non pretium quis lectus suspendisse potenti in eleifend',66),(194,'Phat Girlz','02:31:00',2007,5.8,'Comedy','vitae consectetuer eget rutrum at lorem integer tincidunt ante vel ipsum praesent',13),(195,'Abbott and Costello Meet the Mummy','01:57:00',1991,4.7,'Comedy|Horror','sit amet sapien dignissim vestibulum vestibulum ante ipsum primis in faucibus orci',84),(196,'Abandoned, The','02:39:00',2006,5.9,'Horror|Mystery|Thriller','sapien urna pretium nisl ut volutpat sapien arcu sed augue aliquam erat volutpat in congue etiam justo etiam pretium iaculis',90),(197,'Treasure Island','01:12:00',1985,2.3,'Adventure','ut ultrices vel augue vestibulum ante ipsum primis in faucibus orci luctus et ultrices posuere cubilia curae donec pharetra magna',79),(198,'You\'re Gonna Miss Me','02:03:00',2011,7.9,'Documentary','lacinia erat vestibulum sed magna at nunc commodo placerat praesent blandit nam nulla integer',24),(199,'Return of the Living Dead: Necropolis','02:01:00',2007,2.4,'Comedy|Horror','ac est lacinia nisi venenatis tristique fusce congue diam id ornare',99),(200,'Metropolis','02:49:00',2011,8.8,'Animation|Sci-Fi','congue elementum in hac habitasse platea dictumst morbi vestibulum velit id pretium iaculis diam erat fermentum justo nec condimentum neque',92);
/*!40000 ALTER TABLE `movies` ENABLE KEYS */;
UNLOCK TABLES;

--
-- Table structure for table `movies_has_characters`
--

DROP TABLE IF EXISTS `movies_has_characters`;
/*!40101 SET @saved_cs_client     = @@character_set_client */;
/*!50503 SET character_set_client = utf8mb4 */;
CREATE TABLE `movies_has_characters` (
  `Movies_has_Characters_Movie_id` int NOT NULL,
  `Movies_has_Characters_Character_id` int NOT NULL,
  PRIMARY KEY (`Movies_has_Characters_Movie_id`,`Movies_has_Characters_Character_id`),
  KEY `fk_Movies_has_Characters_Characters1_idx` (`Movies_has_Characters_Character_id`),
  KEY `fk_Movies_has_Characters_Movies1_idx` (`Movies_has_Characters_Movie_id`),
  CONSTRAINT `fk_Movies_has_Characters_Characters1` FOREIGN KEY (`Movies_has_Characters_Character_id`) REFERENCES `characters` (`Character_id`) ON DELETE RESTRICT ON UPDATE RESTRICT,
  CONSTRAINT `fk_Movies_has_Characters_Movies1` FOREIGN KEY (`Movies_has_Characters_Movie_id`) REFERENCES `movies` (`Movie_id`) ON DELETE RESTRICT ON UPDATE RESTRICT
) ENGINE=InnoDB DEFAULT CHARSET=utf8;
/*!40101 SET character_set_client = @saved_cs_client */;

--
-- Dumping data for table `movies_has_characters`
--

LOCK TABLES `movies_has_characters` WRITE;
/*!40000 ALTER TABLE `movies_has_characters` DISABLE KEYS */;
INSERT INTO `movies_has_characters` VALUES (12,1),(11,2),(54,2),(196,4),(146,10),(80,13),(137,15),(188,18),(185,19),(94,20),(170,20),(1,23),(130,25),(41,26),(160,26),(47,29),(90,29),(92,30),(144,30),(151,30),(30,34),(188,34),(108,35),(117,35),(180,35),(190,35),(89,36),(184,37),(196,39),(135,40),(78,42),(117,45),(189,46),(200,51),(169,52),(174,56),(8,58),(22,60),(142,60),(3,61),(35,62),(100,62),(12,64),(147,64),(148,68),(83,71),(28,74),(30,77),(188,77),(6,78),(61,79),(103,79),(158,80),(87,81),(44,86),(110,90),(88,91),(173,96),(33,99),(115,100),(117,100),(74,106),(47,107),(126,108),(194,109),(71,111),(30,112),(87,113),(116,115),(115,116),(161,117),(101,119),(2,125),(126,128),(133,128),(182,129),(138,131),(170,135),(21,137),(103,137),(152,139),(24,141),(112,142),(113,143),(25,147),(97,148),(112,153),(165,155),(90,157),(95,157),(130,160),(17,163),(31,163),(170,164),(157,168),(25,169),(17,170),(28,170),(96,170),(42,171),(52,171),(151,174),(54,177),(185,178),(104,179),(188,180),(54,181),(197,184),(85,188),(146,188),(162,189),(180,189),(63,191),(25,193),(25,197),(34,198),(45,199),(73,200),(16,202),(74,203),(178,203),(57,206),(173,206),(38,207),(65,215),(79,219),(33,221),(189,221),(193,221),(173,222),(3,225),(57,229),(154,229),(104,231),(200,231),(87,232),(159,232),(93,233),(96,235),(19,238),(195,238),(176,240),(5,242),(36,242),(13,244),(154,245),(155,246),(19,249),(115,249),(189,249),(49,250),(119,254),(68,255),(175,256),(84,259),(136,259),(104,260),(136,261),(80,262),(162,262),(5,263),(47,264),(124,265),(181,267),(113,269),(44,270),(192,270),(39,272),(97,272),(73,273),(67,278),(13,279),(120,280),(98,282),(55,283),(40,284),(87,285),(133,285),(80,289),(131,293),(81,294),(113,294),(134,298),(94,300),(151,301),(148,302),(158,304),(180,304),(76,306),(145,313),(170,316),(146,322),(77,325),(190,325),(148,331),(67,335),(20,336),(13,337),(172,341),(11,342),(11,343),(8,346),(103,347),(26,349),(13,358),(99,358),(55,361),(130,363),(79,364),(136,366),(194,366),(109,367),(185,367),(136,369),(8,370),(54,372),(53,375),(83,378),(157,378),(174,378),(3,380),(55,380),(11,383),(152,383),(6,385),(14,385),(53,386),(198,387),(12,392),(56,392),(132,393),(196,393),(3,399),(178,399),(178,404),(183,404),(11,406),(117,406),(143,406),(1,410),(50,414),(100,416),(142,416),(178,416),(85,420),(139,420),(143,422),(49,423),(74,426),(94,432),(174,432),(180,432),(46,433),(142,435),(184,435),(45,439),(61,439),(131,444),(193,447),(45,449),(16,453),(15,454),(6,455),(157,456),(157,457),(80,460),(128,461),(179,461),(12,466),(128,469),(41,470),(22,471),(107,472),(190,475),(49,478),(134,478),(25,479),(40,480),(65,480),(135,481),(141,482),(142,485),(135,486),(196,486),(135,487),(3,490),(110,494),(27,495),(73,496),(57,500),(93,503),(44,504),(45,507),(186,508),(1,510),(185,510),(126,511),(31,512),(50,512),(24,513),(90,513),(39,518),(117,518),(158,518),(159,518),(195,520),(200,520),(150,522),(27,525),(98,526),(100,526),(13,528),(124,528),(28,531),(2,539),(197,539),(195,540),(37,543),(147,545),(84,547),(144,551),(3,552),(157,552),(33,554),(99,555),(135,558),(48,559),(13,560),(121,562),(193,565),(51,570),(49,571),(187,571),(101,572),(184,578),(113,579),(59,582),(114,582),(22,583),(148,583),(104,588),(115,589),(52,590),(175,590),(66,591),(41,592),(36,595),(36,597),(126,597),(66,599),(93,602),(111,602),(112,604),(157,605),(194,606),(88,608),(194,608),(53,610),(79,610),(4,612),(46,612),(143,613),(1,614),(146,616),(174,617),(41,620),(45,620),(70,622),(1,625),(37,625),(172,625),(74,626),(30,627),(71,627),(148,631),(32,633),(74,634),(21,635),(79,635),(84,635),(83,636),(84,637),(166,639),(27,642),(154,643),(24,648),(25,649),(176,650),(198,650),(151,652),(191,653),(143,654),(35,655),(88,655),(171,659),(33,660),(84,664),(126,664),(180,669),(6,671),(26,672),(111,673),(91,676),(145,678),(117,679),(159,684),(163,688),(66,689),(29,691),(18,693),(197,694),(70,695),(139,695),(185,695),(98,700),(118,704),(131,704),(24,710),(106,712),(114,712),(194,712),(156,713),(181,713),(200,713),(33,714),(78,714),(186,715),(33,717),(105,722),(62,725),(75,726),(89,727),(80,728),(93,729),(72,733),(80,734),(137,734),(184,735),(2,737),(48,737),(34,738),(120,739),(164,740),(66,746),(72,749),(104,749),(23,751),(86,752),(42,754),(108,754),(195,756),(88,758),(165,758),(165,759),(106,762),(22,763),(74,764),(68,766),(150,766),(46,767),(139,767),(171,768),(67,769),(125,769),(171,771),(91,774),(178,776),(11,777),(19,780),(37,780),(47,781),(120,781),(38,783),(55,783),(13,784),(23,784),(35,784),(199,784),(184,785),(7,788),(159,789),(23,790),(79,790),(85,791),(30,792),(181,802),(42,803),(144,803),(148,803),(108,806),(129,807),(67,808),(163,808),(144,810),(75,812),(8,814),(130,814),(123,816),(127,817),(79,821),(55,822),(121,823),(183,824),(84,832),(169,835),(178,839),(155,841),(1,844),(175,845),(113,846),(46,847),(156,850),(174,852),(61,853),(115,853),(74,855),(69,857),(72,857),(69,858),(157,858),(30,859),(143,859),(66,860),(164,860),(189,860),(24,863),(163,863),(182,865),(46,867),(67,868),(194,869),(194,870),(70,872),(80,873),(153,873),(176,874),(133,875),(24,877),(36,878),(96,878),(161,879),(101,882),(60,883),(103,883),(61,884),(183,885),(151,886),(33,888),(33,891),(178,891),(55,898),(166,898),(76,901),(178,901),(97,902),(38,905),(147,905),(126,906),(30,908),(125,913),(66,915),(71,915),(130,916),(112,917),(182,919),(17,920),(34,920),(179,921),(71,926),(50,934),(10,935),(116,935),(3,936),(58,937),(13,938),(35,943),(123,945),(123,949),(47,950),(40,951),(15,955),(36,956),(163,956),(11,959),(191,963),(21,965),(47,966),(137,967),(185,967),(117,968),(51,970),(173,971),(194,971),(109,974),(26,975),(2,976),(63,979),(146,979),(135,981),(181,981),(115,986),(84,987),(194,989),(89,990),(117,990),(130,991),(49,992),(19,993),(85,993),(128,994),(146,995),(143,996),(34,997),(39,997),(147,997),(62,999),(39,1000),(184,1000);
/*!40000 ALTER TABLE `movies_has_characters` ENABLE KEYS */;
UNLOCK TABLES;

--
-- Table structure for table `persondata`
--

DROP TABLE IF EXISTS `persondata`;
/*!40101 SET @saved_cs_client     = @@character_set_client */;
/*!50503 SET character_set_client = utf8mb4 */;
CREATE TABLE `persondata` (
  `PersonData_id` int NOT NULL AUTO_INCREMENT,
  `PersonData_FirstName` varchar(45) NOT NULL,
  `PersonData_LastName` varchar(45) NOT NULL,
  `PersonData_Gender` varchar(45) DEFAULT NULL,
  `PersonData_BirthDate` varchar(45) DEFAULT NULL,
  `PersonData_Married` tinyint DEFAULT NULL,
  `PersonData_ContactInfo_id` int DEFAULT NULL,
  PRIMARY KEY (`PersonData_id`),
  KEY `fk_PersonData_ContactInfo1_idx` (`PersonData_ContactInfo_id`),
  CONSTRAINT `fk_PersonData_ContactInfo1` FOREIGN KEY (`PersonData_ContactInfo_id`) REFERENCES `contactinfo` (`ContactInfo_id`) ON DELETE RESTRICT ON UPDATE RESTRICT
) ENGINE=InnoDB AUTO_INCREMENT=1001 DEFAULT CHARSET=utf8;
/*!40101 SET character_set_client = @saved_cs_client */;

--
-- Dumping data for table `persondata`
--

LOCK TABLES `persondata` WRITE;
/*!40000 ALTER TABLE `persondata` DISABLE KEYS */;
INSERT INTO `persondata` VALUES (1,'Homerus','Mylechreest','Agender','1951-02-03',0,1),(2,'Martino','Schurig','Male','1955-10-13',0,2),(3,'Torry','Bowton','Genderqueer','1961-05-05',0,3),(4,'Herta','Kinloch','Bigender','1957-10-05',1,4),(5,'Brandea','Udale','Genderfluid','1997-07-11',1,5),(6,'Margo','Sambrook','Genderfluid','1967-08-18',0,6),(7,'Annmarie','Anan','Male','1975-06-09',1,7),(8,'Aubrie','Sexon','Non-binary','1994-01-09',0,8),(9,'Afton','Doutch','Male','1976-02-11',1,9),(10,'Kalvin','Itzak','Agender','1967-08-13',1,10),(11,'Rubi','Hospital','Female','1979-02-08',0,11),(12,'Roberto','Andrea','Agender','1988-12-10',0,12),(13,'Viviyan','Baldam','Bigender','1974-02-08',0,13),(14,'Tana','Mergue','Bigender','1966-09-04',0,14),(15,'Auberta','MacBean','Genderqueer','1987-04-05',1,15),(16,'Prudy','Willan','Bigender','1996-07-13',1,16),(17,'Joy','Flindall','Genderfluid','1964-03-20',0,17),(18,'Murielle','Pettifer','Female','1985-03-25',1,18),(19,'Kate','Place','Non-binary','1979-05-02',1,19),(20,'Vale','MacNish','Agender','1997-10-20',0,20),(21,'Rosetta','Penddreth','Genderqueer','1986-10-27',0,21),(22,'Matilda','Confait','Non-binary','1970-07-28',1,22),(23,'Dorree','Cracknall','Polygender','1967-09-07',0,23),(24,'Yoko','Gasking','Genderfluid','1969-06-22',0,24),(25,'Britta','Downing','Male','1972-06-14',1,25),(26,'Cathyleen','Leaming','Polygender','1973-01-15',0,26),(27,'Ailene','Drewett','Non-binary','1978-11-13',0,27),(28,'Vidovik','Mote','Polygender','1984-09-14',1,28),(29,'Gustav','Tregenna','Genderqueer','1964-11-29',1,29),(30,'Edouard','Kerkham','Genderqueer','1965-07-09',0,30),(31,'Yorker','Hylands','Genderfluid','1992-05-20',0,31),(32,'Maureene','Crossgrove','Female','1971-09-22',0,32),(33,'Harold','Ference','Male','1989-11-07',0,33),(34,'Gill','Harflete','Genderfluid','1955-06-23',0,34),(35,'Fanya','O\'Grada','Genderfluid','1994-10-09',1,35),(36,'Dody','Naughton','Bigender','1977-07-23',1,36),(37,'Cosme','Menpes','Polygender','1956-02-10',0,37),(38,'Tamara','Wenman','Genderqueer','1953-02-07',0,38),(39,'Sari','Thrush','Polygender','1977-07-28',0,39),(40,'Carlota','Trounce','Agender','1961-07-03',0,40),(41,'Jodi','Blacklock','Genderqueer','1986-05-16',1,41),(42,'Brenna','Dominighi','Polygender','1981-01-09',0,42),(43,'Shauna','Laffling','Non-binary','1998-02-15',0,43),(44,'Anya','Stott','Genderqueer','1996-03-13',0,44),(45,'Felicdad','Pipe','Non-binary','1964-01-21',0,45),(46,'Suki','Phillott','Male','1971-07-26',1,46),(47,'Adelle','Sealey','Genderfluid','1993-08-29',0,47),(48,'Craig','Gosden','Polygender','1971-11-25',0,48),(49,'Fernande','Stronack','Genderfluid','1986-07-05',1,49),(50,'Leigha','Knock','Genderqueer','1995-08-29',0,50),(51,'Adan','Wooding','Polygender','1983-07-16',0,51),(52,'Clive','Chastel','Male','1973-07-11',1,52),(53,'Melodie','Baskerville','Female','1962-01-01',1,53),(54,'Tamara','Efford','Bigender','1990-06-06',1,54),(55,'Dillie','Robertelli','Female','1976-05-31',0,55),(56,'Stevie','Dugget','Genderfluid','1959-05-12',1,56),(57,'Joline','Bramble','Bigender','1969-10-19',1,57),(58,'Devinne','Collingridge','Genderqueer','1968-11-21',0,58),(59,'Nessa','Ralling','Genderqueer','1965-07-30',0,59),(60,'Ingelbert','Masden','Polygender','1958-08-22',1,60),(61,'Brinn','Cinderey','Genderqueer','1981-11-19',0,61),(62,'Barthel','Sapauton','Polygender','1996-10-07',1,62),(63,'Wang','Simmins','Genderfluid','1979-12-28',0,63),(64,'Sherlock','Tierney','Polygender','1995-05-21',1,64),(65,'Clementius','Naisby','Genderqueer','1991-11-28',1,65),(66,'Towney','Speechley','Male','1994-04-02',0,66),(67,'Jessee','Hayfield','Genderqueer','1950-07-03',0,67),(68,'Lilia','Kaszper','Non-binary','1955-06-17',1,68),(69,'Averil','Muslim','Agender','1965-06-17',1,69),(70,'Trevar','Vowells','Non-binary','1989-06-01',1,70),(71,'Orbadiah','Touhig','Genderfluid','1988-01-28',0,71),(72,'Brina','Brockway','Female','1990-11-18',1,72),(73,'Prudi','Knibbs','Bigender','1962-08-27',0,73),(74,'Myrwyn','Fulcher','Bigender','1977-07-27',1,74),(75,'Ellette','Jerrim','Genderqueer','1995-10-20',0,75),(76,'Calley','Tuff','Genderfluid','1983-02-20',0,76),(77,'Miranda','Ratt','Genderfluid','1971-05-02',0,77),(78,'Stern','Stockin','Agender','1979-07-31',1,78),(79,'Truda','Lanfare','Genderfluid','1962-09-16',1,79),(80,'Otha','Cruden','Polygender','1976-09-05',0,80),(81,'Sayer','Pottinger','Female','1988-05-22',1,81),(82,'Philippine','Van der Kruys','Male','1982-01-13',0,82),(83,'Alphonso','MacIlory','Non-binary','1963-04-03',1,83),(84,'Bentlee','Colquete','Male','1964-03-19',1,84),(85,'Mitchael','Woolhouse','Male','1982-01-02',0,85),(86,'Benedetta','Hellsdon','Genderqueer','1960-11-08',0,86),(87,'Brice','Koche','Genderfluid','1996-02-13',1,87),(88,'Krysta','Overbury','Agender','1958-08-18',1,88),(89,'Doralynne','Coldwell','Bigender','1976-06-15',1,89),(90,'Aubrey','Musselwhite','Polygender','1988-06-07',1,90),(91,'Brady','Whitely','Polygender','1965-12-23',0,91),(92,'Mireielle','Launchbury','Female','1956-01-17',1,92),(93,'Rhodia','Burry','Female','1959-05-03',0,93),(94,'Briant','Tomaselli','Bigender','1955-08-30',0,94),(95,'Torr','Swidenbank','Agender','1986-04-30',1,95),(96,'Alexandra','Congram','Agender','1968-05-06',1,96),(97,'Ellswerth','Heistermann','Bigender','1963-01-07',1,97),(98,'Hamnet','Matitiaho','Genderqueer','1967-12-01',1,98),(99,'Johan','Puvia','Polygender','1951-05-07',1,99),(100,'Armin','Oherlihy','Genderfluid','1986-07-11',1,100),(101,'Elberta','Ashall','Genderfluid','1952-01-17',0,101),(102,'Lynda','Eim','Genderfluid','1960-12-05',0,102),(103,'Karel','Francillo','Genderqueer','1999-02-13',0,103),(104,'Elisa','Castella','Non-binary','1978-11-19',0,104),(105,'Vina','Snar','Bigender','1978-11-02',0,105),(106,'Willey','Lghan','Male','1957-01-17',0,106),(107,'Aldo','Imlacke','Female','1951-05-02',0,107),(108,'Tracy','Dowden','Male','1979-03-02',0,108),(109,'Addison','Gauchier','Male','1972-01-26',0,109),(110,'Lissie','Rizzo','Bigender','1951-06-17',0,110),(111,'Iorgos','Francescoccio','Non-binary','1951-02-08',1,111),(112,'Annalee','Bettanay','Genderfluid','1967-06-28',0,112),(113,'Nellie','Grisenthwaite','Agender','1997-03-10',1,113),(114,'Gunilla','Seabourne','Female','1965-03-03',1,114),(115,'Emlen','Berkely','Bigender','1974-05-07',0,115),(116,'Bret','Tondeur','Female','1991-01-14',0,116),(117,'Laurens','Blitzer','Agender','1961-03-09',0,117),(118,'Kellina','Paskin','Polygender','1998-11-18',1,118),(119,'Nannette','Kelmere','Genderfluid','1996-10-30',1,119),(120,'Margaux','Bainton','Bigender','1959-08-22',1,120),(121,'August','Luter','Male','1996-05-23',1,121),(122,'Audie','Muslim','Agender','1972-02-20',1,122),(123,'Carlen','Toyer','Genderfluid','1993-07-05',0,123),(124,'Inge','McLewd','Female','1958-02-19',0,124),(125,'Selina','Ensor','Female','1969-12-04',1,125),(126,'Benito','Lakenton','Agender','1971-12-17',0,126),(127,'Juana','Mingauld','Non-binary','1955-02-17',0,127),(128,'Odie','Staite','Female','1954-07-16',0,128),(129,'Shirlee','Peddie','Polygender','1974-04-04',0,129),(130,'Arvin','Ellerey','Genderqueer','1979-07-13',1,130),(131,'Olga','Glassford','Male','1972-06-02',0,131),(132,'Gerrie','Niven','Male','1959-11-07',1,132),(133,'Dorthy','Poli','Male','1992-02-02',1,133),(134,'Felicdad','Gudgeon','Male','1950-12-07',0,134),(135,'Alexandra','Avramchik','Genderfluid','1979-06-18',0,135),(136,'Rockie','Antoszczyk','Non-binary','1983-07-24',0,136),(137,'Gunar','Mullard','Agender','1978-05-04',1,137),(138,'Torr','Offa','Genderfluid','1962-08-25',0,138),(139,'Florenza','Madgewick','Agender','1954-02-04',0,139),(140,'Harper','Beall','Bigender','1986-09-30',1,140),(141,'Maxi','Jane','Genderqueer','1958-10-30',0,141),(142,'Ashton','Tchir','Bigender','1989-12-03',1,142),(143,'Nathanial','Pugh','Genderqueer','1975-08-09',0,143),(144,'Marylynne','Struan','Genderfluid','1978-11-22',0,144),(145,'Wilbur','Pablo','Male','1983-06-24',1,145),(146,'Rurik','Tellenbrok','Bigender','1998-03-16',0,146),(147,'Loise','Copner','Non-binary','1971-04-14',0,147),(148,'Katheryn','Chellenham','Polygender','1964-01-25',0,148),(149,'Humfried','Emery','Genderqueer','1995-05-23',1,149),(150,'Aubrey','Lanktree','Female','1954-08-16',0,150),(151,'Nichole','Paskell','Male','1998-12-03',0,151),(152,'Dania','Elsmore','Genderqueer','1958-04-26',0,152),(153,'Mateo','Josum','Female','1971-11-16',1,153),(154,'Theodosia','Wyeld','Genderqueer','1996-12-12',1,154),(155,'Roanna','Morkham','Bigender','1951-10-29',1,155),(156,'Gabrielle','Keeves','Female','1990-02-28',1,156),(157,'George','Pichmann','Polygender','1994-01-01',1,157),(158,'Kimbra','Kynder','Agender','1980-04-25',1,158),(159,'Lucais','Brandenburg','Genderfluid','1986-08-23',0,159),(160,'Geraldine','Jopling','Genderqueer','1956-10-17',0,160),(161,'Adriano','Custed','Non-binary','1975-05-29',1,161),(162,'Vanya','Bugg','Male','1951-04-14',1,162),(163,'Dalia','de Leon','Agender','1997-12-04',0,163),(164,'Hillyer','Krout','Bigender','1972-01-29',0,164),(165,'Lorilyn','Siddens','Bigender','1960-06-14',0,165),(166,'Iona','Illsley','Female','1976-05-18',0,166),(167,'Larry','Grigsby','Genderfluid','1990-05-21',1,167),(168,'Constancy','Langelay','Female','1989-07-16',0,168),(169,'Jamil','Sever','Non-binary','1984-04-26',1,169),(170,'Sayres','Scoon','Genderqueer','1962-04-12',1,170),(171,'Lynelle','Searjeant','Female','1982-06-02',1,171),(172,'Jesse','Gimbrett','Non-binary','1982-01-11',1,172),(173,'Justina','Levins','Bigender','1958-02-02',0,173),(174,'Appolonia','Hazeman','Bigender','1984-07-01',1,174),(175,'Delmar','Truitt','Female','1998-12-25',0,175),(176,'Dwayne','Gillicuddy','Agender','1977-01-23',1,176),(177,'Katheryn','Stringfellow','Bigender','1961-03-09',0,177),(178,'Lauree','Decourt','Polygender','1992-09-11',0,178),(179,'Jenny','Torrejon','Female','1971-05-13',0,179),(180,'Vivyanne','Anchor','Genderqueer','1995-03-30',0,180),(181,'Rene','Challin','Bigender','1956-09-24',0,181),(182,'Sheppard','Allard','Polygender','1952-12-28',0,182),(183,'Fern','Shrieve','Genderfluid','1958-02-28',0,183),(184,'Bertram','Deackes','Non-binary','1984-06-22',0,184),(185,'Anatol','Custard','Non-binary','1964-01-11',0,185),(186,'Kris','Miell','Non-binary','1950-03-20',1,186),(187,'Nikolia','Paulsson','Genderfluid','1999-02-16',1,187),(188,'Tracey','Froome','Polygender','1969-04-07',0,188),(189,'Noelani','Beggan','Non-binary','1995-09-25',1,189),(190,'Trudy','Tixall','Polygender','1967-08-27',1,190),(191,'Minette','Marlowe','Genderqueer','1985-05-07',0,191),(192,'Oralie','Rosenwald','Non-binary','1977-03-14',0,192),(193,'Pepillo','D\' Angelo','Female','1988-10-28',1,193),(194,'Mavra','Symons','Bigender','1982-06-15',0,194),(195,'Freeland','Dongate','Male','1990-02-17',1,195),(196,'Lezlie','Spencook','Polygender','1993-08-23',1,196),(197,'Claudina','Paulillo','Bigender','1962-08-05',0,197),(198,'Mark','Gadd','Bigender','1968-01-01',1,198),(199,'Darin','Petrusch','Bigender','1998-07-17',0,199),(200,'Maryl','Elan','Bigender','1960-10-04',1,200),(201,'Fabiano','Strode','Non-binary','1967-03-10',0,201),(202,'Linnie','Weiser','Bigender','1954-03-21',0,202),(203,'Kennan','Rajchert','Bigender','1953-06-08',1,203),(204,'Netty','Nockolds','Genderqueer','1958-05-09',0,204),(205,'Clarey','Poon','Female','1955-02-19',0,205),(206,'Steward','New','Genderfluid','1954-02-17',1,206),(207,'Frederich','Braunle','Male','1980-10-15',1,207),(208,'Stephine','Bidewell','Bigender','1989-10-20',0,208),(209,'Jyoti','Guyet','Genderfluid','1959-10-14',1,209),(210,'Diena','Borborough','Male','1993-09-30',1,210),(211,'Anatollo','Coggings','Bigender','1989-07-04',1,211),(212,'Una','Cohr','Agender','1956-07-28',0,212),(213,'Ted','Scandrite','Non-binary','1998-12-26',1,213),(214,'Ninetta','McGuffie','Agender','1953-03-16',1,214),(215,'Morissa','MacConnechie','Non-binary','1998-01-08',0,215),(216,'Mariel','Westman','Genderqueer','1993-04-05',0,216),(217,'Lee','Stuchbery','Female','1988-05-04',0,217),(218,'Chevalier','Maric','Non-binary','1974-04-10',1,218),(219,'Keenan','Chelam','Genderqueer','1987-08-15',1,219),(220,'Stephine','Skaife d\'Ingerthorpe','Genderfluid','1985-01-17',0,220),(221,'Laverna','Ghio','Bigender','1992-10-04',1,221),(222,'Davide','Halfhyde','Genderfluid','1976-02-22',0,222),(223,'Hestia','Cheales','Genderfluid','1992-02-25',0,223),(224,'Agnola','Burl','Male','1980-09-08',0,224),(225,'Kerwin','Cadagan','Genderfluid','1980-07-09',0,225),(226,'Velvet','Middler','Male','1982-05-22',0,226),(227,'Mady','O\'Hearn','Female','1971-07-16',1,227),(228,'Lorna','Harcus','Male','1957-12-16',1,228),(229,'Moore','Coffee','Polygender','1972-02-16',1,229),(230,'Concettina','Yardy','Male','1964-04-29',0,230),(231,'Jonie','Lenaghen','Male','1978-10-27',0,231),(232,'Englebert','Barus','Male','1979-05-03',0,232),(233,'Bail','Warlton','Genderfluid','1997-02-02',1,233),(234,'Honey','Copplestone','Female','1968-08-22',1,234),(235,'Erskine','Allum','Non-binary','1973-02-20',1,235),(236,'Annecorinne','Barcke','Female','1973-09-17',1,236),(237,'Mercedes','Heitz','Bigender','1986-03-10',1,237),(238,'Jonathon','Rivenzon','Agender','1968-08-13',1,238),(239,'Otes','Lansly','Polygender','1995-11-30',0,239),(240,'Danita','Claypole','Agender','1996-08-17',1,240),(241,'Aube','Pautard','Female','1974-11-12',1,241),(242,'Nicoline','Featherbie','Genderqueer','1965-11-03',0,242),(243,'Pat','Chidzoy','Polygender','1976-04-07',0,243),(244,'Ingeberg','Swiffin','Polygender','1984-06-10',0,244),(245,'Malinde','McPherson','Male','1998-07-02',0,245),(246,'Prue','Grent','Bigender','1996-01-30',0,246),(247,'Yalonda','Skipperbottom','Genderfluid','1969-12-14',1,247),(248,'Claudia','Swayland','Female','1956-01-24',1,248),(249,'Tremayne','De Winton','Bigender','1951-11-10',0,249),(250,'Nate','Breissan','Bigender','1978-09-30',1,250),(251,'Nehemiah','Lerven','Non-binary','1971-04-06',1,251),(252,'Eduard','Rydzynski','Male','1959-10-17',1,252),(253,'Griff','Westcott','Non-binary','1991-11-17',1,253),(254,'Garald','Goldman','Male','1993-09-17',1,254),(255,'Catlee','Orwin','Male','1996-03-04',1,255),(256,'Nicole','Kempton','Polygender','1953-02-01',1,256),(257,'Fitz','Imason','Agender','1996-08-23',0,257),(258,'Clementina','Pedler','Non-binary','1950-04-17',0,258),(259,'Peterus','McRory','Polygender','1954-07-13',0,259),(260,'Seka','O\'Growgane','Bigender','1962-08-01',1,260),(261,'Giacopo','Scopyn','Genderfluid','1972-08-10',0,261),(262,'Aura','MacIlwrick','Female','1951-10-12',0,262),(263,'Janie','Rylett','Genderqueer','1980-04-22',1,263),(264,'Ondrea','Letch','Polygender','1960-08-09',1,264),(265,'Dominik','Alabaster','Non-binary','1966-01-17',1,265),(266,'Gibb','Valens-Smith','Genderfluid','1977-11-16',1,266),(267,'Batholomew','Rosenzwig','Non-binary','1995-09-16',1,267),(268,'Karla','Pawnsford','Genderfluid','1997-02-16',1,268),(269,'Brendan','Zavattari','Female','1980-10-30',1,269),(270,'Rustie','Quarterman','Bigender','1979-04-22',1,270),(271,'Carlyle','Fenner','Male','1995-05-31',1,271),(272,'Donnie','Hospital','Genderqueer','1991-02-10',0,272),(273,'Jdavie','La Batie','Polygender','1989-09-27',0,273),(274,'Yard','Leupoldt','Non-binary','1994-11-28',1,274),(275,'Skyler','Haynesford','Male','1980-12-07',1,275),(276,'Robbie','Kerner','Polygender','1975-09-07',0,276),(277,'Hulda','Edgin','Polygender','1982-06-13',1,277),(278,'Aube','O\'Mannion','Bigender','1982-12-03',1,278),(279,'Amy','Houtbie','Genderqueer','1959-05-28',1,279),(280,'Meade','Ferruzzi','Genderfluid','1954-07-04',1,280),(281,'Wilhelm','Beneyto','Genderfluid','1991-11-06',0,281),(282,'Patty','Springett','Non-binary','1986-09-24',1,282),(283,'Judi','Kid','Bigender','1983-12-17',1,283),(284,'Mada','Theurer','Polygender','1972-03-23',0,284),(285,'Hewett','Stranks','Agender','1962-10-16',0,285),(286,'Ethelin','Simmen','Bigender','1968-07-24',0,286),(287,'Regan','Roddy','Genderfluid','1956-10-18',1,287),(288,'Padgett','Lovekin','Bigender','1968-01-13',1,288),(289,'Man','Toulamain','Female','1980-05-11',0,289),(290,'Mandie','Jersch','Genderqueer','1957-06-04',1,290),(291,'Fancy','Chesters','Male','1993-12-06',1,291),(292,'Fredric','Tripcony','Bigender','1962-10-13',0,292),(293,'Joella','Ambroziak','Genderqueer','1972-11-11',1,293),(294,'Germayne','Jarvie','Bigender','1980-01-28',0,294),(295,'Auberta','Axleby','Polygender','1997-10-09',1,295),(296,'Gussie','McLinden','Non-binary','1952-06-12',0,296),(297,'Desi','Fanshawe','Agender','1967-10-17',0,297),(298,'Carmelita','Mourgue','Polygender','1960-05-17',0,298),(299,'Sunshine','Harbor','Agender','1977-03-29',1,299),(300,'Toby','Bracknell','Polygender','1959-08-04',0,300),(301,'Evelin','Barhams','Bigender','1976-05-05',0,301),(302,'Darsie','Tomes','Bigender','1964-05-28',1,302),(303,'Gasper','Gemeau','Bigender','1956-05-25',0,303),(304,'Toinette','Patis','Bigender','1992-06-11',0,304),(305,'Kristina','Beeton','Male','1982-12-16',0,305),(306,'Pip','Muir','Genderqueer','1959-10-11',0,306),(307,'Carina','O\'Leahy','Non-binary','1959-11-03',1,307),(308,'Saloma','Leer','Agender','1985-11-28',0,308),(309,'Dannye','Novis','Male','1978-11-22',0,309),(310,'Hubey','Northcliffe','Genderfluid','1952-02-22',0,310),(311,'Mureil','Arnaldi','Male','1986-05-28',1,311),(312,'Feliza','Norcliff','Agender','1966-10-29',0,312),(313,'Rennie','Itzkovitch','Bigender','1998-03-16',1,313),(314,'Jerrie','Vivian','Genderqueer','1987-10-06',1,314),(315,'Emily','Diess','Genderqueer','1964-06-15',0,315),(316,'Rosemarie','Offa','Female','1996-08-26',1,316),(317,'Robin','Kunes','Non-binary','1972-07-11',1,317),(318,'Vito','Flips','Female','1977-01-07',0,318),(319,'Sylvan','Domnick','Female','1969-03-23',0,319),(320,'Benedetta','MacCheyne','Agender','1951-11-03',0,320),(321,'Marianne','Crichmere','Male','1968-11-28',1,321),(322,'Beilul','Jopp','Polygender','1968-04-14',0,322),(323,'Nertie','Presnail','Non-binary','1959-05-18',0,323),(324,'Zacharia','Kenyon','Female','1968-06-14',0,324),(325,'Lacey','Hulks','Genderfluid','1983-10-27',0,325),(326,'Farly','Cheasman','Non-binary','1952-09-15',1,326),(327,'Cosetta','McMahon','Agender','1969-11-19',1,327),(328,'Neda','McGlue','Non-binary','1970-08-30',1,328),(329,'Paquito','Holdron','Male','1954-11-18',1,329),(330,'Adelind','Abramski','Bigender','1991-05-26',0,330),(331,'Lindy','Blazhevich','Female','1997-10-19',1,331),(332,'Bryna','Plet','Bigender','1953-04-18',0,332),(333,'Micah','Buttery','Male','1990-09-23',1,333),(334,'Broddy','Larrat','Male','1970-05-13',0,334),(335,'Gerald','Linfitt','Non-binary','1982-04-26',1,335),(336,'Benson','Scutter','Male','1992-01-20',1,336),(337,'Monah','Pettis','Genderqueer','1953-07-15',0,337),(338,'Lorenza','Belvard','Genderfluid','1952-10-05',1,338),(339,'Meier','Dutnell','Genderfluid','1987-01-24',0,339),(340,'Glenn','Aimer','Agender','1981-08-28',0,340),(341,'Nealy','Demko','Polygender','1963-08-14',0,341),(342,'Galven','Gonnel','Female','1995-10-03',0,342),(343,'Brendis','Baudet','Genderfluid','1998-06-10',0,343),(344,'Nerissa','Lambillion','Non-binary','1982-10-27',0,344),(345,'Jannel','Champion','Agender','1972-10-15',1,345),(346,'Kurtis','Van Castele','Genderqueer','1954-12-31',0,346),(347,'Clemens','Aizikowitz','Agender','1997-05-10',1,347),(348,'Flin','Chaney','Male','1958-08-13',0,348),(349,'Town','Dall','Genderqueer','1990-02-07',1,349),(350,'Valma','Tomasino','Agender','1954-01-15',1,350),(351,'Silvie','Giraldon','Non-binary','1966-09-08',1,351),(352,'Carin','Salt','Non-binary','1978-03-17',1,352),(353,'Lynna','Ruos','Non-binary','1977-04-18',1,353),(354,'Standford','Nyssen','Genderfluid','1994-01-21',0,354),(355,'Gardener','Learmont','Genderfluid','1990-10-18',1,355),(356,'Bern','Tomasino','Polygender','1974-06-17',0,356),(357,'Fionna','Varnals','Bigender','1970-09-10',0,357),(358,'Juliane','Endrizzi','Bigender','1985-08-07',1,358),(359,'Julius','Hammond','Bigender','1978-10-18',1,359),(360,'Amity','Dover','Female','1997-01-07',0,360),(361,'Angus','Hardcastle','Female','1968-06-24',1,361),(362,'Dianemarie','Springell','Polygender','1979-10-19',0,362),(363,'Fraser','Culverhouse','Female','1999-03-18',1,363),(364,'Bambi','Frogley','Male','1994-06-29',1,364),(365,'Emelyne','Robertshaw','Genderqueer','1972-07-04',0,365),(366,'Alfons','Riedel','Non-binary','1992-06-18',1,366),(367,'Chen','Waddup','Polygender','1989-08-24',1,367),(368,'Vern','Kliner','Bigender','1989-02-28',1,368),(369,'Hanni','Burtwhistle','Agender','1974-06-17',1,369),(370,'Fifine','Sexty','Non-binary','1987-04-22',0,370),(371,'Zorina','Van der Krui','Polygender','1974-08-17',0,371),(372,'Byrann','Ritchard','Bigender','1999-03-16',0,372),(373,'Margalo','Wombwell','Genderfluid','1950-11-24',0,373),(374,'Heall','Standage','Genderqueer','1953-02-10',1,374),(375,'Jennine','Tatem','Non-binary','1965-06-28',0,375),(376,'Ermengarde','Bendan','Polygender','1963-01-08',0,376),(377,'Vasily','Broad','Female','1963-11-07',1,377),(378,'Tish','Odegaard','Genderqueer','1989-07-18',0,378),(379,'Malachi','Van\'t Hoff','Genderqueer','1960-07-08',1,379),(380,'Miguel','Jorry','Genderfluid','1967-06-23',0,380),(381,'Mattias','Jankovsky','Agender','1979-12-01',1,381),(382,'Bryant','Theobalds','Non-binary','1984-09-26',0,382),(383,'Ignacio','Clausen','Polygender','1962-08-15',1,383),(384,'Cesaro','Rizon','Female','1963-03-19',1,384),(385,'Anthiathia','MacKimm','Agender','1993-10-14',0,385),(386,'Lorry','Samsonsen','Polygender','1980-08-22',1,386),(387,'Cary','Burgis','Genderqueer','1963-07-26',1,387),(388,'Charlie','Gonnelly','Agender','1954-11-27',1,388),(389,'Shem','Millberg','Genderqueer','1983-05-08',0,389),(390,'Letisha','Cattonnet','Agender','1996-10-23',0,390),(391,'Pepe','Erat','Agender','1986-04-14',0,391),(392,'Harli','Suthworth','Polygender','1955-06-17',1,392),(393,'Nisse','Trace','Genderfluid','1977-06-22',0,393),(394,'Shurwood','Beer','Genderfluid','1979-05-01',1,394),(395,'Isabella','Jerrand','Bigender','1974-02-01',0,395),(396,'Penelopa','Rotter','Agender','1975-11-17',0,396),(397,'Tobit','Hatch','Genderqueer','1981-07-02',1,397),(398,'Carina','Spooner','Genderfluid','1963-09-01',1,398),(399,'Adlai','Gisburne','Bigender','1968-08-31',0,399),(400,'Mildred','Ferriere','Polygender','1966-08-27',0,400),(401,'Shanon','Rodman','Polygender','1952-01-14',0,401),(402,'Jeannie','Tomczak','Polygender','1976-01-26',0,402),(403,'Allen','Caldero','Bigender','1988-02-07',1,403),(404,'Pansy','Sighard','Agender','1978-11-23',1,404),(405,'Wendeline','Rosenberger','Bigender','1990-02-01',0,405),(406,'Cordula','Grainge','Bigender','1963-09-30',1,406),(407,'Bryce','McNally','Genderfluid','1995-03-16',0,407),(408,'Almeria','Backshill','Genderfluid','1959-02-16',0,408),(409,'Nathanial','Hulland','Male','1993-12-22',0,409),(410,'Clayborn','Palluschek','Female','1981-02-27',1,410),(411,'Cristine','Rilings','Bigender','1955-01-07',0,411),(412,'Anna-diane','Redish','Male','1977-12-19',1,412),(413,'Flori','Lamblin','Genderqueer','1971-09-04',0,413),(414,'Tamera','Sleeman','Agender','1972-07-22',0,414),(415,'Bellanca','Avramovsky','Genderqueer','1987-04-03',0,415),(416,'Leonore','Habbema','Non-binary','1976-10-18',1,416),(417,'Brose','Lewsie','Male','1954-02-13',1,417),(418,'Charil','Battrum','Genderqueer','1998-11-29',1,418),(419,'Ramsey','Janaszkiewicz','Non-binary','1971-04-10',1,419),(420,'Aveline','Dowtry','Agender','1985-06-17',0,420),(421,'Gray','Canner','Agender','1953-06-01',1,421),(422,'Doralin','Feehery','Non-binary','1976-03-06',0,422),(423,'Bette','Caillou','Genderqueer','1996-11-04',1,423),(424,'Heath','Gusticke','Female','1990-04-19',0,424),(425,'Sibylle','Ambroz','Non-binary','1968-09-20',0,425),(426,'Jacquelyn','Longbothom','Genderfluid','1973-05-05',1,426),(427,'Merle','Joutapaitis','Female','1995-07-10',0,427),(428,'Marje','Baldam','Male','1975-05-20',1,428),(429,'D\'arcy','McCaughen','Bigender','1964-10-29',0,429),(430,'Jeremias','Smidmore','Female','1967-01-19',1,430),(431,'Gayelord','Ricciardi','Female','1982-10-08',1,431),(432,'Tirrell','Hatwell','Female','1955-10-01',0,432),(433,'Corey','Rassell','Bigender','1969-10-02',1,433),(434,'Ansell','Clarage','Female','1954-05-26',0,434),(435,'Joannes','Gawith','Bigender','1990-05-08',0,435),(436,'Debor','Gepheart','Polygender','1985-04-25',0,436),(437,'Reginauld','Evison','Genderqueer','1953-06-16',1,437),(438,'Kariotta','Garz','Bigender','1953-02-18',0,438),(439,'Shandy','Tombling','Genderqueer','1983-01-23',1,439),(440,'Delora','Adenet','Agender','1973-05-30',0,440),(441,'Elfreda','Giocannoni','Agender','1970-06-06',0,441),(442,'Julie','Ellen','Agender','1967-08-03',1,442),(443,'Tamar','Anscott','Bigender','1976-02-10',0,443),(444,'Amata','Panchin','Agender','1979-08-05',0,444),(445,'York','Dawidowitsch','Polygender','1974-05-29',0,445),(446,'Massimo','Pavlenkov','Genderfluid','1953-12-25',1,446),(447,'Clair','Bridal','Non-binary','1990-04-07',1,447),(448,'Lorette','Edgson','Female','1995-05-09',1,448),(449,'Norman','Dumbar','Genderqueer','1958-02-02',0,449),(450,'Marleen','Yemm','Male','1981-10-12',0,450),(451,'Saloma','Iacomini','Non-binary','1956-04-20',1,451),(452,'Weylin','Jefferd','Agender','1968-04-11',0,452),(453,'Gerik','Simonini','Genderqueer','1958-07-30',1,453),(454,'Thibaut','Dipple','Polygender','1992-09-27',0,454),(455,'Sergei','Klaassens','Genderqueer','1975-01-20',0,455),(456,'Immanuel','Firebrace','Female','1960-11-09',0,456),(457,'Gerard','Teers','Bigender','1990-08-06',1,457),(458,'Petra','Furze','Non-binary','1955-02-26',0,458),(459,'Minor','Baddeley','Genderfluid','1952-11-14',1,459),(460,'Ludwig','Autry','Agender','1985-11-09',1,460),(461,'Zea','Dilger','Non-binary','1976-05-25',1,461),(462,'Debbi','Bakesef','Genderqueer','1997-06-18',0,462),(463,'Karalee','Calcott','Genderfluid','1965-12-15',1,463),(464,'Lee','Stiles','Male','1980-03-06',0,464),(465,'Garrick','Hofton','Agender','1954-10-04',1,465),(466,'Batholomew','Seely','Polygender','1958-12-01',1,466),(467,'Silvio','Robichon','Polygender','1951-03-26',1,467),(468,'Aluin','Lavender','Genderfluid','1966-03-10',0,468),(469,'Alexa','Pettinger','Non-binary','1967-08-08',1,469),(470,'Fabe','Ridolfi','Polygender','1994-01-10',0,470),(471,'Issy','Gee','Female','1972-07-09',1,471),(472,'Martica','McNeillie','Non-binary','1964-06-08',1,472),(473,'Ottilie','Stobbart','Polygender','1959-04-05',0,473),(474,'Kayle','Delacour','Non-binary','1975-08-23',1,474),(475,'Robinett','Beggan','Genderfluid','1957-12-03',1,475),(476,'Guenna','Ibbitson','Female','1981-07-28',1,476),(477,'Hunter','Freyne','Polygender','1957-12-29',1,477),(478,'Adham','Botham','Male','1970-01-08',0,478),(479,'Jany','Cronin','Female','1962-08-23',0,479),(480,'Gaspar','Weadick','Genderqueer','1953-05-10',0,480),(481,'Emily','Babonau','Male','1992-12-22',1,481),(482,'Brandyn','Lindro','Genderfluid','1995-05-09',0,482),(483,'Estevan','Plane','Female','1978-11-11',1,483),(484,'Tamqrah','Force','Agender','1958-10-20',0,484),(485,'Orrin','Congrave','Bigender','1966-02-21',1,485),(486,'Andrej','Hendrich','Female','1961-04-09',1,486),(487,'Minnie','Matushevich','Genderfluid','1960-04-19',1,487),(488,'Ede','Medlen','Genderqueer','1973-07-25',0,488),(489,'Minnnie','Jerman','Genderfluid','1975-03-05',1,489),(490,'Greggory','Kefford','Bigender','1966-12-10',1,490),(491,'Ezmeralda','Davis','Genderqueer','1973-01-10',0,491),(492,'Holli','Slafford','Genderqueer','1987-05-17',0,492),(493,'Ricki','Fairpool','Bigender','1995-02-04',0,493),(494,'Polly','Minchin','Male','1963-11-11',0,494),(495,'Lurline','Storie','Genderfluid','1976-08-15',0,495),(496,'Latisha','Bunney','Male','1966-02-24',0,496),(497,'Abigail','Tolley','Genderfluid','1968-08-29',1,497),(498,'Raf','Chew','Non-binary','1967-07-03',1,498),(499,'Rivkah','Lindenfeld','Male','1993-09-09',0,499),(500,'Ely','Grossman','Genderqueer','1957-06-17',1,500),(501,'Oralie','Casaccia','Genderqueer','1980-08-29',0,501),(502,'Christiano','Riby','Polygender','1995-11-29',0,502),(503,'Daisey','Durnall','Genderqueer','1983-11-24',0,503),(504,'Blake','Yuryshev','Female','1973-02-14',1,504),(505,'Aldous','Kleinsinger','Polygender','1978-01-19',1,505),(506,'Brynn','Cobb','Genderqueer','1976-10-03',0,506),(507,'Cammi','Drowsfield','Non-binary','1984-04-04',1,507),(508,'Clovis','Littlefair','Agender','1988-06-05',0,508),(509,'Nancee','Dudeney','Genderqueer','1996-06-04',1,509),(510,'Marijn','Dieton','Male','1994-05-08',0,510),(511,'Beaufort','O\'Gavin','Male','1957-07-27',1,511),(512,'Staci','Inde','Non-binary','1977-12-27',0,512),(513,'Jillane','Brabant','Male','1996-09-13',0,513),(514,'Lucinda','Foddy','Agender','1973-04-26',1,514),(515,'Wells','Stert','Polygender','1978-04-30',1,515),(516,'Sergent','Eallis','Genderqueer','1978-06-25',1,516),(517,'Brana','Patrie','Agender','1987-09-07',0,517),(518,'Bryna','Patesel','Female','1981-11-08',1,518),(519,'Filia','Beaze','Polygender','1958-09-03',0,519),(520,'Ivonne','Rookledge','Agender','1953-08-02',1,520),(521,'Vinita','Dewfall','Polygender','1998-04-28',1,521),(522,'Jeremy','McAuley','Bigender','1993-08-19',0,522),(523,'Valeria','Gullen','Bigender','1977-03-05',0,523),(524,'Carine','Eichmann','Genderfluid','1969-12-28',0,524),(525,'Lezlie','Sussems','Genderqueer','1995-02-12',0,525),(526,'Kayla','Petran','Female','1997-01-08',1,526),(527,'Anabel','Catt','Bigender','1985-08-14',1,527),(528,'Priscella','Lowbridge','Male','1962-06-23',1,528),(529,'Rachel','Ander','Polygender','1975-05-08',1,529),(530,'Ringo','Willcot','Non-binary','1976-06-19',1,530),(531,'Orsola','Wortley','Agender','1974-08-16',1,531),(532,'Iosep','Whitechurch','Genderqueer','1987-09-29',1,532),(533,'Evonne','Georgius','Female','1979-03-17',1,533),(534,'Brook','Anthonies','Polygender','1984-03-18',0,534),(535,'Claribel','Hatchell','Female','1985-03-19',1,535),(536,'Auroora','Teffrey','Female','1955-09-30',0,536),(537,'Cilka','Locksley','Bigender','1972-09-19',1,537),(538,'Wendell','Hutcheson','Non-binary','1970-02-09',1,538),(539,'Thurston','Readwing','Genderqueer','1979-09-17',0,539),(540,'Neda','Salomon','Polygender','1997-03-19',1,540),(541,'Lenore','McKeran','Male','1995-01-30',0,541),(542,'Anissa','Yair','Genderqueer','1978-10-02',0,542),(543,'Barbee','Kobpac','Bigender','1967-06-10',0,543),(544,'Tove','Barock','Non-binary','1998-06-16',0,544),(545,'Cassaundra','Tukesby','Agender','1978-04-06',0,545),(546,'Lesley','Culpen','Bigender','1983-07-01',0,546),(547,'Anica','Harness','Female','1962-04-16',0,547),(548,'Scarface','Stenett','Genderfluid','1991-11-05',1,548),(549,'Jeanie','Quinby','Genderqueer','1955-06-25',1,549),(550,'Elfrida','Neumann','Female','1996-04-04',0,550),(551,'Harrison','Corton','Genderqueer','1965-05-02',1,551),(552,'Aguie','Kellogg','Bigender','1992-08-22',1,552),(553,'Cortie','Ramel','Female','1968-12-02',0,553),(554,'Modesty','Hubback','Polygender','1965-01-10',1,554),(555,'Aubrette','Gershom','Female','1982-06-19',0,555),(556,'Stefanie','Waterfield','Agender','1950-04-01',0,556),(557,'Julio','Wittering','Bigender','1963-06-19',1,557),(558,'Derek','Farquarson','Agender','1990-11-04',1,558),(559,'Gayle','Dunniom','Genderfluid','1961-07-25',0,559),(560,'Thelma','Dermot','Genderfluid','1960-06-30',1,560),(561,'Grove','Carass','Polygender','1971-02-28',0,561),(562,'Clay','Duffill','Agender','1975-06-03',0,562),(563,'Gaby','Pilbury','Female','1968-03-03',0,563),(564,'Yvette','Draper','Genderqueer','1994-01-24',0,564),(565,'Gui','MacNeish','Genderfluid','1976-06-24',0,565),(566,'Myrilla','Boddy','Non-binary','1967-10-04',0,566),(567,'Amelina','Croser','Male','1963-03-10',0,567),(568,'Shannen','Senyard','Genderfluid','1982-11-08',1,568),(569,'Dalli','MacNeilley','Male','1990-06-02',0,569),(570,'Albertine','Tatam','Genderfluid','1974-09-09',0,570),(571,'Kahlil','McDonnell','Non-binary','1995-12-03',0,571),(572,'Milena','Dumper','Non-binary','1952-06-24',1,572),(573,'Timmie','Lange','Non-binary','1957-05-19',0,573),(574,'Jobey','Rosoni','Agender','1984-01-15',0,574),(575,'Innis','Geillier','Genderfluid','1996-05-03',1,575),(576,'Stoddard','Robelow','Male','1957-02-26',0,576),(577,'Clari','Stollenberg','Genderfluid','1957-09-03',1,577),(578,'Dyanne','Isaacs','Agender','1996-01-23',1,578),(579,'Paxon','Stiffell','Non-binary','1988-12-03',1,579),(580,'Verine','Tanzer','Female','1987-03-05',0,580),(581,'Veda','Coverly','Non-binary','1951-04-15',0,581),(582,'Costa','Stairmand','Bigender','1951-06-16',0,582),(583,'Aimee','McIntosh','Male','1987-11-02',0,583),(584,'Amy','Lanfranchi','Agender','1991-01-07',1,584),(585,'Giulietta','Mazzei','Agender','1979-04-23',1,585),(586,'Sheeree','Perse','Non-binary','1988-02-25',0,586),(587,'Ally','Belhomme','Non-binary','1972-03-10',1,587),(588,'Alexandra','Arnet','Female','1971-04-09',1,588),(589,'Johnny','Tinsey','Female','1951-10-12',1,589),(590,'Chelsie','Gerritsma','Male','1997-12-24',1,590),(591,'Mirabel','Stratz','Female','1980-06-02',0,591),(592,'Kent','Piatkowski','Female','1991-12-16',1,592),(593,'Maurice','Naismith','Genderqueer','1951-02-02',0,593),(594,'Glenine','Sacaze','Male','1971-01-11',0,594),(595,'Giraldo','Garvill','Genderqueer','1966-08-08',1,595),(596,'Torrence','Crumbleholme','Male','1958-06-07',0,596),(597,'Saunder','Addionizio','Agender','1991-09-28',1,597),(598,'Cyndi','Mantione','Non-binary','1967-09-12',0,598),(599,'Leshia','Sandars','Agender','1966-08-10',1,599),(600,'Mortimer','Edgars','Bigender','1974-06-24',0,600),(601,'Aguistin','Farfolomeev','Genderfluid','1992-07-07',1,601),(602,'Pearl','Beden','Female','1963-07-20',0,602),(603,'Amalia','Eymer','Female','1997-02-04',0,603),(604,'Gaylene','Beumant','Male','1976-11-26',0,604),(605,'Lucky','Storrie','Agender','1963-12-13',0,605),(606,'Adorne','Leppo','Bigender','1971-10-27',1,606),(607,'Vallie','Joss','Agender','1959-09-30',1,607),(608,'Fanechka','Turn','Genderqueer','1951-07-06',0,608),(609,'Christy','Cardenas','Female','1981-08-04',1,609),(610,'Holly','Parkinson','Genderfluid','1957-01-13',1,610),(611,'Kory','Hudspeth','Non-binary','1969-07-08',0,611),(612,'Rebe','Kirk','Female','1995-11-07',0,612),(613,'Nissy','Marte','Non-binary','1993-04-22',0,613),(614,'Madella','Falla','Polygender','1966-07-11',1,614),(615,'Pepe','Waiton','Agender','1975-11-17',1,615),(616,'Othilia','Puttergill','Agender','1969-10-26',0,616),(617,'Connie','Drache','Genderfluid','1953-02-15',0,617),(618,'Louie','Bogace','Polygender','1957-04-01',0,618),(619,'Eartha','McGenis','Genderqueer','1976-08-26',1,619),(620,'Kimmy','Durham','Agender','1978-10-24',1,620),(621,'Charil','Gutcher','Agender','1987-08-27',0,621),(622,'Karon','Chezier','Agender','1975-01-15',1,622),(623,'Thor','Levick','Male','1957-06-18',0,623),(624,'Bessie','Pinnock','Non-binary','1992-04-19',1,624),(625,'Donn','Chmarny','Male','1980-04-21',0,625),(626,'Laryssa','Cawston','Agender','1991-04-07',0,626),(627,'Ad','Paulitschke','Female','1967-11-29',1,627),(628,'Roderich','Vasentsov','Male','1957-08-18',0,628),(629,'Syd','Lodeke','Bigender','1997-03-31',0,629),(630,'Allison','Rehor','Non-binary','1971-12-01',1,630),(631,'Ellwood','Bedder','Bigender','1981-08-17',0,631),(632,'Nariko','McShee','Bigender','1993-12-01',0,632),(633,'Mathew','Rosiello','Genderfluid','1980-11-16',1,633),(634,'Binni','Judge','Non-binary','1965-03-24',1,634),(635,'Serena','Trelevan','Genderfluid','1995-10-14',1,635),(636,'Ferdinande','Kahen','Genderfluid','1976-11-28',1,636),(637,'Willi','Haysey','Agender','1976-11-17',1,637),(638,'Raleigh','Conibeer','Female','1999-03-05',1,638),(639,'Bevan','Duberry','Polygender','1982-11-21',0,639),(640,'Marcos','Bartosch','Agender','1988-09-11',0,640),(641,'Clemente','Shawell','Male','1978-12-20',0,641),(642,'Laryssa','Cregeen','Genderfluid','1992-03-30',0,642),(643,'Wrennie','Laverty','Bigender','1990-11-29',0,643),(644,'Nickola','Sammonds','Female','1965-07-05',1,644),(645,'Franklin','Cartan','Agender','1987-07-18',1,645),(646,'Trula','McIlwaine','Genderqueer','1989-06-25',1,646),(647,'Britte','Chidlow','Female','1977-02-18',0,647),(648,'Kele','Rubinovitch','Female','1962-01-24',0,648),(649,'Lari','Michelmore','Bigender','1967-02-15',1,649),(650,'Michel','Mirando','Agender','1985-05-02',1,650),(651,'Remy','Ygoe','Polygender','1996-09-10',1,651),(652,'Calypso','Narey','Female','1988-11-12',1,652),(653,'Dew','Shilstone','Agender','1957-07-18',1,653),(654,'Cassi','Meys','Polygender','1971-02-13',1,654),(655,'Baxy','Radmore','Polygender','1978-04-07',1,655),(656,'Buckie','Catonne','Agender','1956-12-13',0,656),(657,'Meredith','Webster','Bigender','1973-05-12',1,657),(658,'Papagena','Mashal','Non-binary','1969-06-09',0,658),(659,'Mitchael','Gioan','Genderfluid','1989-04-20',1,659),(660,'Elfie','Harby','Male','1971-03-09',0,660),(661,'Joete','Gierek','Male','1967-11-15',0,661),(662,'Cheryl','Hoston','Genderqueer','1966-07-30',0,662),(663,'Innis','Ayllett','Genderqueer','1952-11-20',0,663),(664,'Tiphany','Squeers','Polygender','1995-07-07',0,664),(665,'Dina','Hamber','Male','1954-09-04',0,665),(666,'Aurie','Carbert','Agender','1987-10-24',0,666),(667,'Lind','Fenkel','Male','1953-06-13',0,667),(668,'Cleopatra','Gallemore','Genderfluid','1998-05-11',1,668),(669,'Elli','Bracer','Agender','1976-03-29',0,669),(670,'Marline','Studdal','Polygender','1998-01-23',0,670),(671,'Perceval','Grafham','Male','1985-08-02',1,671),(672,'Beverie','Pollie','Bigender','1978-01-27',1,672),(673,'Theda','Sebrook','Male','1987-01-10',1,673),(674,'Odella','Angus','Bigender','1992-04-22',0,674),(675,'Torrin','Forsard','Non-binary','1979-11-03',0,675),(676,'Trisha','Scroggs','Bigender','1998-08-19',0,676),(677,'Yasmeen','Lindeberg','Polygender','1995-05-16',1,677),(678,'Jay','Kynforth','Genderqueer','1978-09-21',1,678),(679,'Orin','Zarfai','Genderfluid','1994-04-24',0,679),(680,'Zedekiah','Layland','Bigender','1990-08-24',0,680),(681,'Evey','Abba','Polygender','1983-01-23',0,681),(682,'Kimberley','Libby','Agender','1974-06-13',1,682),(683,'Dorian','Culkin','Agender','1951-05-30',1,683),(684,'Shae','Aleevy','Non-binary','1986-08-05',1,684),(685,'Harlene','Dunmore','Female','1970-12-13',0,685),(686,'Cam','Bainbridge','Bigender','1979-10-18',1,686),(687,'Leonidas','Willingham','Male','1974-09-19',1,687),(688,'Linnet','Erik','Female','1962-09-08',1,688),(689,'Owen','Sapp','Bigender','1975-12-23',0,689),(690,'Pail','Jerome','Bigender','1974-05-30',0,690),(691,'Monica','Kendred','Non-binary','1964-01-02',0,691),(692,'Melamie','Kleinberer','Non-binary','1963-10-25',1,692),(693,'Ricoriki','Colbourne','Genderfluid','1960-03-04',0,693),(694,'Alley','Stapforth','Agender','1954-10-11',1,694),(695,'Jonah','Thorius','Female','1993-01-20',1,695),(696,'Avrom','Bimrose','Non-binary','1961-04-19',1,696),(697,'Alexis','Searjeant','Bigender','1953-11-30',1,697),(698,'Averil','Tilt','Non-binary','1992-11-16',1,698),(699,'Aida','Brotherick','Bigender','1985-09-24',0,699),(700,'Claudianus','Mallindine','Polygender','1978-09-12',1,700),(701,'Gertruda','Woodsford','Male','1952-10-11',1,701),(702,'Dianna','Shailer','Female','1992-07-26',1,702),(703,'Yolanthe','Whorlton','Genderfluid','1967-05-30',1,703),(704,'Marie-ann','Renol','Female','1990-02-09',0,704),(705,'Glen','Morsom','Genderfluid','1980-10-03',1,705),(706,'Kele','Trevor','Genderfluid','1967-07-13',1,706),(707,'Yasmin','McVicker','Male','1972-01-13',1,707),(708,'Fritz','Gingold','Bigender','1971-11-12',0,708),(709,'Myrtice','Tocque','Non-binary','1953-12-19',0,709),(710,'Creighton','Cleeton','Polygender','1995-01-15',0,710),(711,'Carlin','Tellenbrok','Agender','1992-10-08',1,711),(712,'Shaun','Flory','Genderqueer','1981-09-22',0,712),(713,'Amandy','Giacubbo','Agender','1991-05-29',0,713),(714,'Corrianne','Quoit','Male','1987-06-23',1,714),(715,'Berkeley','Oxlade','Non-binary','1955-01-24',0,715),(716,'Berti','Krysztofiak','Polygender','1998-10-26',0,716),(717,'Lorna','Morstatt','Genderfluid','1963-02-22',1,717),(718,'Constantia','Bolwell','Bigender','1995-11-03',1,718),(719,'Pepe','Lawfull','Non-binary','1970-05-22',0,719),(720,'Oliviero','Boulstridge','Agender','1965-02-18',1,720),(721,'Donica','Bridel','Non-binary','1972-11-20',0,721),(722,'Slade','Killingback','Bigender','1985-01-21',0,722),(723,'Walliw','Starking','Female','1989-06-13',0,723),(724,'Pegeen','Cocksedge','Non-binary','1972-03-16',1,724),(725,'Teddy','Kmiec','Polygender','1997-01-26',0,725),(726,'Thorsten','Mahony','Genderqueer','1986-07-13',0,726),(727,'Sibbie','Klaes','Male','1961-06-13',0,727),(728,'Olvan','Brodie','Bigender','1991-10-24',1,728),(729,'Andria','Lahrs','Female','1966-05-20',1,729),(730,'Shawnee','Boord','Non-binary','1968-03-21',1,730),(731,'Fredrick','Bestwerthick','Polygender','1978-01-12',0,731),(732,'Cornelle','Culpan','Genderqueer','1992-01-18',0,732),(733,'Oralla','Everil','Agender','1991-06-18',1,733),(734,'Dayna','Enderlein','Genderfluid','1981-06-06',1,734),(735,'Gabriello','Southwick','Non-binary','1975-09-24',1,735),(736,'Corbett','Flag','Female','1966-07-19',0,736),(737,'Nicki','Jeaneau','Polygender','1965-11-03',0,737),(738,'Bartholomew','Giacopini','Bigender','1984-05-15',0,738),(739,'Orton','Bewley','Genderfluid','1962-02-25',0,739),(740,'Bibby','Dell','Male','1980-03-20',1,740),(741,'Niki','Rubinfajn','Polygender','1956-03-25',0,741),(742,'Harvey','Hugett','Polygender','1955-12-14',0,742),(743,'Dyanne','Janik','Polygender','1960-05-01',1,743),(744,'Shelbi','Spada','Agender','1980-01-15',1,744),(745,'Felicle','Gettins','Female','1989-04-10',0,745),(746,'Omar','D\'Onisi','Bigender','1993-08-13',1,746),(747,'Colin','McQuilty','Non-binary','1964-03-13',0,747),(748,'Mace','Dominy','Non-binary','1962-03-10',1,748),(749,'Budd','Hugonet','Female','1990-08-24',1,749),(750,'Reinhard','Olohan','Agender','1991-03-10',0,750),(751,'Peyton','Elsmore','Genderqueer','1956-12-07',0,751),(752,'Helaina','Willford','Non-binary','1976-07-11',1,752),(753,'Anetta','Stanes','Non-binary','1964-06-19',0,753),(754,'Emlynn','Thumim','Non-binary','1969-07-23',1,754),(755,'Reinaldo','Fredy','Agender','1983-07-07',1,755),(756,'Bary','Crinson','Male','1994-03-14',1,756),(757,'Bonnibelle','Dorber','Male','1957-09-15',1,757),(758,'Michelina','Flook','Female','1984-01-27',1,758),(759,'Joaquin','O\'Neal','Genderfluid','1965-08-29',0,759),(760,'Northrup','Londer','Bigender','1965-04-18',1,760),(761,'Cybil','Winslow','Female','1952-07-04',0,761),(762,'Pat','Acreman','Female','1989-12-05',0,762),(763,'Coreen','Ashlin','Male','1994-08-20',1,763),(764,'Arlyne','Van Zon','Genderfluid','1997-03-07',0,764),(765,'Murvyn','Durant','Agender','1963-10-20',1,765),(766,'Gill','Janks','Agender','1965-12-07',0,766),(767,'Barde','Abrehart','Polygender','1968-11-22',1,767),(768,'Arly','Khristyukhin','Genderfluid','1955-05-29',0,768),(769,'Werner','Sollime','Agender','1989-02-14',1,769),(770,'Indira','Burnside','Female','1992-06-15',0,770),(771,'Duky','Fero','Genderqueer','1960-04-25',0,771),(772,'Kenyon','Dagleas','Polygender','1977-03-16',0,772),(773,'Caitrin','Dallaway','Non-binary','1960-06-04',1,773),(774,'Ibrahim','Clawson','Male','1971-07-25',0,774),(775,'Frederica','Ogelsby','Polygender','1951-09-29',1,775),(776,'Franciskus','Bronot','Non-binary','1950-07-18',1,776),(777,'Rayner','Bratten','Female','1995-04-14',1,777),(778,'Courtney','Cawson','Male','1980-09-16',1,778),(779,'Cam','Pearton','Genderfluid','1988-02-15',0,779),(780,'Valenka','D\'Antonio','Male','1994-07-03',1,780),(781,'Killian','Scardefield','Polygender','1951-04-02',0,781),(782,'Xever','Lovejoy','Non-binary','1950-03-20',1,782),(783,'Rafaello','Whitlock','Female','1969-02-16',1,783),(784,'Matt','Seson','Agender','1957-02-04',1,784),(785,'Abbe','Lane','Polygender','1998-03-19',1,785),(786,'Toddie','Timms','Female','1985-05-27',0,786),(787,'Kylie','Legerton','Genderfluid','1954-07-30',1,787),(788,'Mortimer','Simester','Genderfluid','1956-10-30',0,788),(789,'Moreen','Gruczka','Female','1962-02-09',0,789),(790,'Therese','Antalffy','Agender','1985-03-29',0,790),(791,'Terencio','Jex','Male','1982-12-27',1,791),(792,'Barnett','Creese','Polygender','1957-04-26',0,792),(793,'Vanya','Christian','Polygender','1955-08-19',1,793),(794,'Pattie','Sattin','Non-binary','1979-04-17',1,794),(795,'Ludovika','Raffeorty','Genderqueer','1958-11-29',0,795),(796,'Godfree','Dunnett','Non-binary','1999-02-23',1,796),(797,'Ranee','Bresner','Non-binary','1967-12-15',0,797),(798,'Lukas','Hellwig','Male','1962-08-21',1,798),(799,'Bernardina','Annon','Non-binary','1995-03-18',0,799),(800,'Roddy','De Filippo','Female','1970-01-03',1,800),(801,'Goober','Domelow','Polygender','1966-12-18',0,801),(802,'Maurie','Baudon','Male','1996-09-11',1,802),(803,'Igor','Wintour','Genderqueer','1968-12-03',0,803),(804,'Florencia','Biggadyke','Agender','1970-05-17',0,804),(805,'Bing','Di Nisco','Male','1955-05-06',1,805),(806,'Broddie','Krolik','Polygender','1954-02-06',0,806),(807,'Elias','Tafani','Non-binary','1962-09-28',0,807),(808,'Jessa','Hammand','Genderqueer','1950-12-11',0,808),(809,'Toby','Poure','Male','1954-12-24',0,809),(810,'Jody','Chevers','Female','1987-08-06',1,810),(811,'Travis','MacMillan','Polygender','1982-02-07',1,811),(812,'Prissie','Lumber','Genderqueer','1980-09-28',0,812),(813,'Burt','Petz','Polygender','1993-10-15',1,813),(814,'Cathrine','Itzhayek','Bigender','1980-10-27',0,814),(815,'Sarge','Meert','Female','1972-09-25',0,815),(816,'Mab','Warbey','Agender','1966-06-04',0,816),(817,'Mic','Capewell','Genderfluid','1997-02-10',1,817),(818,'Marya','Blight','Non-binary','1954-04-25',0,818),(819,'Kathleen','Ponsford','Female','1968-10-08',0,819),(820,'Corbet','Challicum','Polygender','1959-03-05',0,820),(821,'Pippa','Garrit','Agender','1995-09-15',1,821),(822,'Aprilette','De Brett','Female','1950-05-08',0,822),(823,'Meris','Roll','Bigender','1983-03-18',1,823),(824,'Muhammad','Clail','Male','1971-08-04',0,824),(825,'Chrisy','Gutowska','Polygender','1977-02-19',0,825),(826,'Cory','Almey','Male','1993-12-06',0,826),(827,'Forest','Anlay','Genderfluid','1968-05-10',1,827),(828,'Cedric','Laidlow','Polygender','1984-08-05',1,828),(829,'Erek','Mozzini','Agender','1971-01-17',1,829),(830,'Millisent','Matteoli','Male','1993-06-19',0,830),(831,'Marlo','Narup','Non-binary','1978-05-13',0,831),(832,'Baird','Strevens','Female','1971-02-02',0,832),(833,'Laurette','Ellor','Female','1958-02-09',0,833),(834,'Bogey','Gogan','Agender','1993-10-22',1,834),(835,'Shep','Hesser','Genderqueer','1991-08-01',0,835),(836,'Frances','Braxton','Agender','1998-05-21',0,836),(837,'Marna','Dudenie','Polygender','1982-05-27',1,837),(838,'Clara','Toffetto','Male','1958-04-21',0,838),(839,'Meridith','Brugman','Non-binary','1978-11-01',0,839),(840,'Sadie','Scemp','Polygender','1969-04-16',0,840),(841,'Brandtr','Scarlon','Bigender','1994-05-27',1,841),(842,'Kearney','Okker','Genderqueer','1963-11-10',0,842),(843,'Damon','Heball','Bigender','1978-07-09',0,843),(844,'Mufi','Ithell','Genderfluid','1983-07-13',0,844),(845,'Anna-diane','Pappi','Agender','1967-03-06',0,845),(846,'Julina','Ilyasov','Polygender','1978-08-31',1,846),(847,'Rosalie','Jone','Male','1985-05-25',1,847),(848,'Tony','Danilovich','Male','1973-06-19',1,848),(849,'Theresina','Ghiroldi','Bigender','1968-05-26',1,849),(850,'Ondrea','De Angelo','Genderqueer','1996-12-14',0,850),(851,'Benjamin','Seefeldt','Polygender','1997-10-18',0,851),(852,'Marla','Connell','Genderqueer','1989-01-11',0,852),(853,'Brantley','Suttaby','Non-binary','1970-12-07',0,853),(854,'Ginni','Bottrell','Non-binary','1955-06-30',0,854),(855,'Johnette','Smolan','Polygender','1993-05-27',1,855),(856,'Emilia','Leggin','Genderfluid','1992-10-15',1,856),(857,'Guillemette','Edmead','Bigender','1965-09-22',0,857),(858,'Gianina','Coleborn','Agender','1978-07-19',1,858),(859,'Erasmus','Artis','Bigender','1971-03-23',0,859),(860,'Walsh','Rodwell','Polygender','1991-12-21',0,860),(861,'Winston','Passie','Female','1978-12-28',0,861),(862,'Leia','Cosham','Polygender','1996-09-06',1,862),(863,'Sile','Govan','Genderfluid','1959-10-10',1,863),(864,'Mora','Edgley','Genderqueer','1959-08-03',1,864),(865,'Veriee','Udden','Genderqueer','1959-01-28',0,865),(866,'Zack','Foynes','Polygender','1961-04-05',0,866),(867,'Ellen','Francomb','Bigender','1993-12-19',0,867),(868,'Benetta','Latchford','Bigender','1962-07-07',1,868),(869,'Kattie','Kent','Non-binary','1969-04-09',1,869),(870,'Keelia','Gayforth','Female','1998-01-30',0,870),(871,'Mandie','Ciottoi','Genderfluid','1970-12-20',1,871),(872,'Reece','Agate','Genderfluid','1969-03-09',1,872),(873,'Bennett','Korbmaker','Genderqueer','1958-04-19',1,873),(874,'Susy','Sisse','Genderfluid','1965-10-26',0,874),(875,'Tracie','Bland','Agender','1960-12-23',1,875),(876,'Helyn','Koeppke','Genderfluid','1975-03-08',1,876),(877,'Celisse','Piff','Non-binary','1963-11-28',1,877),(878,'Oriana','Endley','Genderfluid','1996-09-20',0,878),(879,'Vernice','Iskow','Male','1994-03-26',0,879),(880,'Carma','Van Cassel','Bigender','1956-10-19',0,880),(881,'Barton','Solly','Female','1960-10-10',1,881),(882,'Kayle','Pilbury','Genderfluid','1960-08-18',0,882),(883,'Benedetta','Tamburi','Male','1953-10-07',1,883),(884,'Leena','Bikker','Non-binary','1971-08-26',0,884),(885,'Bartholomeo','Hutcheons','Male','1970-07-04',1,885),(886,'Olag','Saura','Non-binary','1961-02-06',1,886),(887,'Vanessa','Guisot','Non-binary','1991-03-04',1,887),(888,'Jamie','Kamenar','Genderqueer','1962-12-11',0,888),(889,'Virge','Macci','Female','1955-06-25',0,889),(890,'Chauncey','Berndsen','Genderqueer','1990-01-29',0,890),(891,'Elvis','Coolahan','Genderqueer','1963-07-17',0,891),(892,'Fey','Northley','Polygender','1989-05-09',1,892),(893,'Smith','Markovich','Non-binary','1993-08-03',1,893),(894,'Dulsea','Mazey','Female','1973-10-11',0,894),(895,'Jacquenetta','Borton','Agender','1977-12-19',1,895),(896,'Cyrille','William','Genderqueer','1960-04-14',0,896),(897,'Noe','Dancy','Polygender','1992-08-23',0,897),(898,'Emilie','Befroy','Genderqueer','1966-06-14',0,898),(899,'Karisa','Annice','Non-binary','1960-03-19',0,899),(900,'Dukie','MacMeanma','Genderfluid','1970-10-05',0,900),(901,'Ronnie','Pinyon','Non-binary','1991-11-04',0,901),(902,'Meier','Rippingale','Non-binary','1953-11-21',0,902),(903,'Melissa','Huke','Genderfluid','1964-09-05',0,903),(904,'Nathanial','Twyford','Male','1990-06-18',0,904),(905,'Ashby','Durran','Polygender','1966-11-21',0,905),(906,'Maure','Knaggs','Male','1973-07-05',0,906),(907,'Vinny','Steel','Polygender','1996-01-27',0,907),(908,'Ashton','Coopey','Polygender','1973-03-08',1,908),(909,'Alicia','Sussams','Bigender','1954-06-05',1,909),(910,'Randa','Francey','Non-binary','1967-06-26',0,910),(911,'Bram','Willmer','Genderfluid','1975-11-16',0,911),(912,'Birdie','Scourfield','Genderfluid','1982-12-18',0,912),(913,'Nolly','Notton','Genderfluid','1967-06-28',1,913),(914,'Rhett','Aindriu','Agender','1971-03-31',1,914),(915,'Cal','Knottley','Polygender','1982-09-19',0,915),(916,'Corty','Tizzard','Non-binary','1989-09-09',0,916),(917,'Stacee','Carluccio','Bigender','1975-10-19',1,917),(918,'Roz','Charlwood','Male','1979-03-28',0,918),(919,'Rosemaria','Bosward','Agender','1979-09-26',1,919),(920,'Johnathan','Waber','Bigender','1958-06-08',1,920),(921,'Austine','Hurrell','Polygender','1962-05-07',0,921),(922,'Dorotea','Taffurelli','Agender','1982-07-07',0,922),(923,'Dimitry','Goaks','Agender','1976-12-12',0,923),(924,'Margaux','Karlowicz','Agender','1985-05-22',1,924),(925,'Aleda','Kneaphsey','Genderfluid','1980-08-15',1,925),(926,'Aaron','Death','Female','1977-03-15',0,926),(927,'Tracee','Cary','Genderqueer','1953-11-15',1,927),(928,'Essie','Manna','Female','1966-01-02',0,928),(929,'Waverly','Piner','Agender','1961-05-14',1,929),(930,'Lexine','Gilmore','Genderfluid','1954-07-27',0,930),(931,'Ranice','Palia','Bigender','1959-07-05',1,931),(932,'Gerry','Ceeley','Female','1978-07-11',1,932),(933,'Iorgos','Willicott','Non-binary','1989-07-28',0,933),(934,'Iver','Trussler','Polygender','1960-04-18',1,934),(935,'Rory','Pittaway','Non-binary','1989-02-10',1,935),(936,'Gillian','Twinning','Female','1957-10-26',1,936),(937,'Marla','Morcombe','Female','1994-02-19',0,937),(938,'Carmel','Shawel','Male','1965-04-19',1,938),(939,'Libbey','Hayfield','Genderqueer','1977-05-15',1,939),(940,'Lukas','Cassius','Genderfluid','1990-11-20',0,940),(941,'Trent','Jadczak','Female','1988-04-30',1,941),(942,'Emiline','Josephy','Non-binary','1970-02-06',0,942),(943,'Reiko','Scholtis','Genderfluid','1992-03-28',0,943),(944,'Dominick','Wassell','Female','1967-08-20',0,944),(945,'Candace','Filyashin','Agender','1977-05-01',1,945),(946,'Alida','Pudan','Agender','1989-10-22',1,946),(947,'Gretta','Saltman','Bigender','1957-05-25',0,947),(948,'Ediva','Joselson','Non-binary','1989-09-02',0,948),(949,'Brenda','Duprey','Polygender','1985-09-19',0,949),(950,'Gratia','Dalgety','Agender','1957-07-01',0,950),(951,'Roselle','Maass','Male','1964-11-23',1,951),(952,'Latashia','Quantrill','Agender','1972-09-24',0,952),(953,'Verge','Gunson','Female','1952-10-28',0,953),(954,'Crystie','Paxforde','Non-binary','1959-04-05',1,954),(955,'Vivianne','Haining','Female','1950-09-04',0,955),(956,'Nola','Paddock','Bigender','1986-08-06',1,956),(957,'Alfonse','Mountfort','Polygender','1978-07-30',1,957),(958,'Lief','Malsher','Female','1982-05-01',0,958),(959,'Mitchael','Leaming','Female','1979-05-13',1,959),(960,'Glyn','Erbe','Agender','1950-08-23',1,960),(961,'Gloria','Cockarill','Agender','1954-10-02',0,961),(962,'Debora','Frane','Non-binary','1990-03-16',1,962),(963,'Patten','Abels','Bigender','1995-09-08',1,963),(964,'Artair','De Carlo','Agender','1955-12-10',0,964),(965,'Caterina','Marris','Female','1977-04-17',1,965),(966,'Myron','Ahmad','Genderfluid','1966-06-03',1,966),(967,'Ester','Giacobini','Bigender','1989-02-25',0,967),(968,'Gracia','Maughan','Genderqueer','1958-04-06',1,968),(969,'West','Giannotti','Bigender','1970-01-05',1,969),(970,'Julian','Whymark','Polygender','1992-09-17',1,970),(971,'Karry','Gilbert','Bigender','1979-03-01',1,971),(972,'Henryetta','Dimmock','Bigender','1973-03-18',0,972),(973,'Gal','Sperrett','Polygender','1971-11-02',0,973),(974,'Jillana','Lofty','Genderqueer','1977-04-18',1,974),(975,'Kaycee','Caisley','Agender','1964-03-18',0,975),(976,'Berni','Refford','Genderqueer','1993-11-07',1,976),(977,'Cristin','Winchcomb','Female','1950-12-07',1,977),(978,'Jolyn','Seares','Genderqueer','1986-10-01',1,978),(979,'Byram','McEniry','Bigender','1962-12-01',1,979),(980,'Stevie','Fricker','Genderqueer','1991-06-05',0,980),(981,'Amalle','Tait','Genderqueer','1961-07-08',1,981),(982,'Korry','Colicot','Agender','1961-01-24',1,982),(983,'Asher','Dancey','Genderfluid','1996-04-20',1,983),(984,'Jillene','Braidon','Genderqueer','1956-11-10',1,984),(985,'Jodie','Gillingham','Polygender','1998-08-19',1,985),(986,'Frederique','Tertre','Genderqueer','1996-01-27',1,986),(987,'Way','Guerreau','Genderqueer','1987-09-10',0,987),(988,'Kristan','Eyckelbeck','Agender','1950-08-07',1,988),(989,'Scot','Eleshenar','Female','1987-02-11',0,989),(990,'Cinnamon','Lindley','Polygender','1958-12-20',1,990),(991,'Chris','Disman','Female','1955-08-10',0,991),(992,'Arabelle','Ayton','Non-binary','1951-04-30',1,992),(993,'Phineas','Devey','Agender','1950-07-17',1,993),(994,'Othilia','Puttick','Agender','1980-09-04',1,994),(995,'Fair','Antal','Agender','1962-06-26',1,995),(996,'Sinclare','McQuilliam','Agender','1994-12-12',1,996),(997,'Cecilio','Brumfitt','Polygender','1989-04-30',1,997),(998,'Margaretta','Okenden','Bigender','1957-03-31',1,998),(999,'Malina','Rubinfajn','Polygender','1993-04-05',0,999),(1000,'Jennette','Petrulis','Agender','1992-11-25',0,1000);
/*!40000 ALTER TABLE `persondata` ENABLE KEYS */;
UNLOCK TABLES;

--
-- Table structure for table `posters`
--

DROP TABLE IF EXISTS `posters`;
/*!40101 SET @saved_cs_client     = @@character_set_client */;
/*!50503 SET character_set_client = utf8mb4 */;
CREATE TABLE `posters` (
  `Poster_id` int NOT NULL AUTO_INCREMENT,
  `Poster_Url` text NOT NULL,
  `Poster_Movie_id` int NOT NULL,
  PRIMARY KEY (`Poster_id`),
  KEY `fk_Posters_Movies1_idx` (`Poster_Movie_id`),
  CONSTRAINT `fk_Posters_Movies1` FOREIGN KEY (`Poster_Movie_id`) REFERENCES `movies` (`Movie_id`) ON DELETE RESTRICT ON UPDATE RESTRICT
) ENGINE=InnoDB AUTO_INCREMENT=1001 DEFAULT CHARSET=utf8;
/*!40101 SET character_set_client = @saved_cs_client */;

--
-- Dumping data for table `posters`
--

LOCK TABLES `posters` WRITE;
/*!40000 ALTER TABLE `posters` DISABLE KEYS */;
INSERT INTO `posters` VALUES (1,'http://dummyimage.com/182x163.jpg/5fa2dd/ffffff',181),(2,'http://dummyimage.com/175x101.png/dddddd/000000',42),(3,'http://dummyimage.com/183x185.jpg/ff4444/ffffff',177),(4,'http://dummyimage.com/237x102.png/cc0000/ffffff',91),(5,'http://dummyimage.com/146x116.jpg/dddddd/000000',166),(6,'http://dummyimage.com/144x119.jpg/ff4444/ffffff',177),(7,'http://dummyimage.com/247x149.jpg/ff4444/ffffff',117),(8,'http://dummyimage.com/180x211.png/5fa2dd/ffffff',183),(9,'http://dummyimage.com/244x121.png/dddddd/000000',144),(10,'http://dummyimage.com/149x214.png/cc0000/ffffff',2),(11,'http://dummyimage.com/168x193.jpg/dddddd/000000',155),(12,'http://dummyimage.com/122x121.png/cc0000/ffffff',183),(13,'http://dummyimage.com/176x129.png/cc0000/ffffff',71),(14,'http://dummyimage.com/215x108.png/cc0000/ffffff',63),(15,'http://dummyimage.com/182x109.jpg/5fa2dd/ffffff',85),(16,'http://dummyimage.com/225x153.png/5fa2dd/ffffff',122),(17,'http://dummyimage.com/164x218.png/5fa2dd/ffffff',117),(18,'http://dummyimage.com/197x226.png/cc0000/ffffff',115),(19,'http://dummyimage.com/202x157.bmp/5fa2dd/ffffff',10),(20,'http://dummyimage.com/171x235.jpg/ff4444/ffffff',41),(21,'http://dummyimage.com/166x241.png/dddddd/000000',12),(22,'http://dummyimage.com/198x151.png/ff4444/ffffff',173),(23,'http://dummyimage.com/239x152.png/dddddd/000000',129),(24,'http://dummyimage.com/138x164.bmp/ff4444/ffffff',27),(25,'http://dummyimage.com/120x219.png/cc0000/ffffff',128),(26,'http://dummyimage.com/168x119.bmp/dddddd/000000',160),(27,'http://dummyimage.com/249x230.png/5fa2dd/ffffff',164),(28,'http://dummyimage.com/202x240.png/5fa2dd/ffffff',71),(29,'http://dummyimage.com/245x102.jpg/dddddd/000000',11),(30,'http://dummyimage.com/152x249.png/cc0000/ffffff',183),(31,'http://dummyimage.com/163x106.png/5fa2dd/ffffff',155),(32,'http://dummyimage.com/155x188.jpg/dddddd/000000',121),(33,'http://dummyimage.com/225x116.png/dddddd/000000',16),(34,'http://dummyimage.com/110x178.png/5fa2dd/ffffff',5),(35,'http://dummyimage.com/140x177.bmp/ff4444/ffffff',88),(36,'http://dummyimage.com/248x110.png/5fa2dd/ffffff',45),(37,'http://dummyimage.com/229x154.bmp/5fa2dd/ffffff',16),(38,'http://dummyimage.com/213x121.png/cc0000/ffffff',6),(39,'http://dummyimage.com/174x173.jpg/dddddd/000000',16),(40,'http://dummyimage.com/115x172.jpg/dddddd/000000',28),(41,'http://dummyimage.com/146x127.jpg/ff4444/ffffff',98),(42,'http://dummyimage.com/108x130.bmp/5fa2dd/ffffff',25),(43,'http://dummyimage.com/155x131.jpg/dddddd/000000',148),(44,'http://dummyimage.com/175x223.jpg/5fa2dd/ffffff',35),(45,'http://dummyimage.com/108x202.bmp/5fa2dd/ffffff',117),(46,'http://dummyimage.com/164x149.bmp/cc0000/ffffff',13),(47,'http://dummyimage.com/173x199.jpg/5fa2dd/ffffff',66),(48,'http://dummyimage.com/161x195.jpg/5fa2dd/ffffff',71),(49,'http://dummyimage.com/116x238.jpg/5fa2dd/ffffff',146),(50,'http://dummyimage.com/203x181.png/dddddd/000000',78),(51,'http://dummyimage.com/155x164.jpg/cc0000/ffffff',43),(52,'http://dummyimage.com/178x169.bmp/5fa2dd/ffffff',154),(53,'http://dummyimage.com/207x193.bmp/dddddd/000000',190),(54,'http://dummyimage.com/103x197.jpg/cc0000/ffffff',115),(55,'http://dummyimage.com/180x105.jpg/cc0000/ffffff',165),(56,'http://dummyimage.com/200x183.bmp/dddddd/000000',153),(57,'http://dummyimage.com/150x219.png/dddddd/000000',127),(58,'http://dummyimage.com/105x152.jpg/5fa2dd/ffffff',162),(59,'http://dummyimage.com/104x165.png/ff4444/ffffff',37),(60,'http://dummyimage.com/123x154.bmp/dddddd/000000',93),(61,'http://dummyimage.com/228x125.bmp/5fa2dd/ffffff',79),(62,'http://dummyimage.com/227x247.jpg/dddddd/000000',108),(63,'http://dummyimage.com/111x122.bmp/dddddd/000000',55),(64,'http://dummyimage.com/144x114.jpg/dddddd/000000',136),(65,'http://dummyimage.com/139x219.bmp/ff4444/ffffff',4),(66,'http://dummyimage.com/208x220.bmp/cc0000/ffffff',82),(67,'http://dummyimage.com/191x159.png/5fa2dd/ffffff',64),(68,'http://dummyimage.com/163x211.jpg/ff4444/ffffff',122),(69,'http://dummyimage.com/153x238.bmp/cc0000/ffffff',114),(70,'http://dummyimage.com/168x119.png/dddddd/000000',118),(71,'http://dummyimage.com/242x170.jpg/dddddd/000000',105),(72,'http://dummyimage.com/212x229.bmp/ff4444/ffffff',119),(73,'http://dummyimage.com/248x105.bmp/ff4444/ffffff',97),(74,'http://dummyimage.com/193x247.jpg/dddddd/000000',78),(75,'http://dummyimage.com/195x129.jpg/dddddd/000000',97),(76,'http://dummyimage.com/216x247.png/ff4444/ffffff',73),(77,'http://dummyimage.com/121x113.jpg/ff4444/ffffff',130),(78,'http://dummyimage.com/177x189.bmp/cc0000/ffffff',44),(79,'http://dummyimage.com/153x110.jpg/5fa2dd/ffffff',187),(80,'http://dummyimage.com/216x154.png/ff4444/ffffff',185),(81,'http://dummyimage.com/186x232.jpg/5fa2dd/ffffff',68),(82,'http://dummyimage.com/202x108.png/5fa2dd/ffffff',31),(83,'http://dummyimage.com/149x249.png/5fa2dd/ffffff',144),(84,'http://dummyimage.com/129x205.bmp/ff4444/ffffff',60),(85,'http://dummyimage.com/196x137.png/cc0000/ffffff',163),(86,'http://dummyimage.com/155x129.png/cc0000/ffffff',144),(87,'http://dummyimage.com/153x137.png/ff4444/ffffff',42),(88,'http://dummyimage.com/127x161.png/5fa2dd/ffffff',47),(89,'http://dummyimage.com/215x172.bmp/cc0000/ffffff',63),(90,'http://dummyimage.com/102x104.bmp/cc0000/ffffff',73),(91,'http://dummyimage.com/246x144.png/dddddd/000000',118),(92,'http://dummyimage.com/248x226.jpg/cc0000/ffffff',85),(93,'http://dummyimage.com/128x223.bmp/cc0000/ffffff',50),(94,'http://dummyimage.com/231x233.jpg/dddddd/000000',135),(95,'http://dummyimage.com/153x191.jpg/5fa2dd/ffffff',141),(96,'http://dummyimage.com/189x130.png/cc0000/ffffff',42),(97,'http://dummyimage.com/110x249.png/5fa2dd/ffffff',50),(98,'http://dummyimage.com/144x157.bmp/dddddd/000000',125),(99,'http://dummyimage.com/229x101.jpg/cc0000/ffffff',62),(100,'http://dummyimage.com/214x175.bmp/cc0000/ffffff',6),(101,'http://dummyimage.com/204x192.jpg/ff4444/ffffff',115),(102,'http://dummyimage.com/103x201.png/ff4444/ffffff',182),(103,'http://dummyimage.com/112x111.png/cc0000/ffffff',46),(104,'http://dummyimage.com/148x123.png/5fa2dd/ffffff',125),(105,'http://dummyimage.com/182x132.png/dddddd/000000',23),(106,'http://dummyimage.com/114x160.png/dddddd/000000',105),(107,'http://dummyimage.com/178x117.jpg/dddddd/000000',80),(108,'http://dummyimage.com/103x120.bmp/cc0000/ffffff',122),(109,'http://dummyimage.com/104x218.png/5fa2dd/ffffff',50),(110,'http://dummyimage.com/169x243.jpg/dddddd/000000',83),(111,'http://dummyimage.com/114x117.png/ff4444/ffffff',56),(112,'http://dummyimage.com/123x100.bmp/ff4444/ffffff',134),(113,'http://dummyimage.com/241x217.png/cc0000/ffffff',111),(114,'http://dummyimage.com/207x219.bmp/5fa2dd/ffffff',26),(115,'http://dummyimage.com/177x178.bmp/dddddd/000000',179),(116,'http://dummyimage.com/168x215.png/ff4444/ffffff',151),(117,'http://dummyimage.com/236x192.bmp/dddddd/000000',8),(118,'http://dummyimage.com/106x168.jpg/ff4444/ffffff',143),(119,'http://dummyimage.com/162x159.png/cc0000/ffffff',89),(120,'http://dummyimage.com/104x127.png/dddddd/000000',150),(121,'http://dummyimage.com/196x171.png/5fa2dd/ffffff',159),(122,'http://dummyimage.com/242x210.bmp/dddddd/000000',96),(123,'http://dummyimage.com/187x190.png/ff4444/ffffff',38),(124,'http://dummyimage.com/178x155.jpg/cc0000/ffffff',189),(125,'http://dummyimage.com/169x152.bmp/5fa2dd/ffffff',79),(126,'http://dummyimage.com/249x136.bmp/cc0000/ffffff',169),(127,'http://dummyimage.com/239x160.bmp/cc0000/ffffff',136),(128,'http://dummyimage.com/243x133.bmp/5fa2dd/ffffff',158),(129,'http://dummyimage.com/103x218.bmp/5fa2dd/ffffff',97),(130,'http://dummyimage.com/163x144.bmp/cc0000/ffffff',99),(131,'http://dummyimage.com/244x191.bmp/5fa2dd/ffffff',138),(132,'http://dummyimage.com/118x100.jpg/ff4444/ffffff',86),(133,'http://dummyimage.com/201x226.bmp/5fa2dd/ffffff',159),(134,'http://dummyimage.com/140x150.png/cc0000/ffffff',32),(135,'http://dummyimage.com/198x219.jpg/5fa2dd/ffffff',187),(136,'http://dummyimage.com/185x215.bmp/dddddd/000000',168),(137,'http://dummyimage.com/193x204.png/cc0000/ffffff',146),(138,'http://dummyimage.com/132x160.jpg/cc0000/ffffff',106),(139,'http://dummyimage.com/106x228.png/dddddd/000000',102),(140,'http://dummyimage.com/249x122.png/dddddd/000000',146),(141,'http://dummyimage.com/178x142.bmp/cc0000/ffffff',26),(142,'http://dummyimage.com/166x121.png/ff4444/ffffff',142),(143,'http://dummyimage.com/141x114.jpg/ff4444/ffffff',111),(144,'http://dummyimage.com/222x124.jpg/5fa2dd/ffffff',3),(145,'http://dummyimage.com/107x161.bmp/ff4444/ffffff',127),(146,'http://dummyimage.com/187x160.bmp/cc0000/ffffff',73),(147,'http://dummyimage.com/220x206.jpg/dddddd/000000',58),(148,'http://dummyimage.com/227x234.bmp/dddddd/000000',97),(149,'http://dummyimage.com/123x139.png/dddddd/000000',116),(150,'http://dummyimage.com/115x238.bmp/ff4444/ffffff',7),(151,'http://dummyimage.com/187x178.bmp/dddddd/000000',174),(152,'http://dummyimage.com/118x183.jpg/5fa2dd/ffffff',39),(153,'http://dummyimage.com/102x242.bmp/cc0000/ffffff',101),(154,'http://dummyimage.com/222x209.bmp/cc0000/ffffff',110),(155,'http://dummyimage.com/234x229.jpg/cc0000/ffffff',20),(156,'http://dummyimage.com/116x219.bmp/5fa2dd/ffffff',48),(157,'http://dummyimage.com/156x178.jpg/5fa2dd/ffffff',135),(158,'http://dummyimage.com/176x131.jpg/cc0000/ffffff',152),(159,'http://dummyimage.com/100x131.png/cc0000/ffffff',15),(160,'http://dummyimage.com/169x179.png/cc0000/ffffff',46),(161,'http://dummyimage.com/239x131.bmp/cc0000/ffffff',158),(162,'http://dummyimage.com/250x205.jpg/5fa2dd/ffffff',178),(163,'http://dummyimage.com/244x197.bmp/dddddd/000000',193),(164,'http://dummyimage.com/169x142.png/5fa2dd/ffffff',32),(165,'http://dummyimage.com/225x197.png/ff4444/ffffff',34),(166,'http://dummyimage.com/191x142.bmp/dddddd/000000',78),(167,'http://dummyimage.com/123x139.png/cc0000/ffffff',81),(168,'http://dummyimage.com/189x166.jpg/dddddd/000000',181),(169,'http://dummyimage.com/243x146.jpg/ff4444/ffffff',186),(170,'http://dummyimage.com/152x102.bmp/dddddd/000000',132),(171,'http://dummyimage.com/119x224.png/5fa2dd/ffffff',22),(172,'http://dummyimage.com/138x183.jpg/ff4444/ffffff',141),(173,'http://dummyimage.com/148x242.bmp/dddddd/000000',199),(174,'http://dummyimage.com/200x210.bmp/5fa2dd/ffffff',176),(175,'http://dummyimage.com/204x227.jpg/5fa2dd/ffffff',41),(176,'http://dummyimage.com/226x159.bmp/ff4444/ffffff',37),(177,'http://dummyimage.com/100x181.png/cc0000/ffffff',136),(178,'http://dummyimage.com/230x156.jpg/ff4444/ffffff',66),(179,'http://dummyimage.com/118x227.jpg/dddddd/000000',52),(180,'http://dummyimage.com/100x216.bmp/cc0000/ffffff',151),(181,'http://dummyimage.com/210x120.jpg/ff4444/ffffff',61),(182,'http://dummyimage.com/166x138.jpg/5fa2dd/ffffff',70),(183,'http://dummyimage.com/232x150.png/ff4444/ffffff',150),(184,'http://dummyimage.com/244x199.png/dddddd/000000',166),(185,'http://dummyimage.com/209x193.jpg/ff4444/ffffff',152),(186,'http://dummyimage.com/133x242.png/ff4444/ffffff',28),(187,'http://dummyimage.com/189x160.png/cc0000/ffffff',11),(188,'http://dummyimage.com/244x209.jpg/5fa2dd/ffffff',162),(189,'http://dummyimage.com/114x248.jpg/5fa2dd/ffffff',63),(190,'http://dummyimage.com/173x229.png/5fa2dd/ffffff',19),(191,'http://dummyimage.com/157x226.bmp/cc0000/ffffff',76),(192,'http://dummyimage.com/148x104.bmp/ff4444/ffffff',163),(193,'http://dummyimage.com/182x110.jpg/cc0000/ffffff',153),(194,'http://dummyimage.com/146x154.png/cc0000/ffffff',162),(195,'http://dummyimage.com/180x241.png/cc0000/ffffff',137),(196,'http://dummyimage.com/143x125.png/5fa2dd/ffffff',77),(197,'http://dummyimage.com/140x166.bmp/dddddd/000000',128),(198,'http://dummyimage.com/118x196.jpg/cc0000/ffffff',40),(199,'http://dummyimage.com/241x239.bmp/cc0000/ffffff',128),(200,'http://dummyimage.com/157x160.bmp/5fa2dd/ffffff',108),(201,'http://dummyimage.com/137x163.jpg/cc0000/ffffff',169),(202,'http://dummyimage.com/110x217.png/dddddd/000000',15),(203,'http://dummyimage.com/228x107.bmp/ff4444/ffffff',151),(204,'http://dummyimage.com/123x189.png/cc0000/ffffff',170),(205,'http://dummyimage.com/176x217.png/cc0000/ffffff',187),(206,'http://dummyimage.com/172x165.png/dddddd/000000',111),(207,'http://dummyimage.com/100x232.png/ff4444/ffffff',30),(208,'http://dummyimage.com/171x192.bmp/5fa2dd/ffffff',136),(209,'http://dummyimage.com/242x119.jpg/dddddd/000000',64),(210,'http://dummyimage.com/133x186.jpg/5fa2dd/ffffff',7),(211,'http://dummyimage.com/185x231.jpg/ff4444/ffffff',15),(212,'http://dummyimage.com/221x173.png/ff4444/ffffff',199),(213,'http://dummyimage.com/183x191.bmp/cc0000/ffffff',167),(214,'http://dummyimage.com/250x178.png/5fa2dd/ffffff',158),(215,'http://dummyimage.com/231x223.bmp/ff4444/ffffff',2),(216,'http://dummyimage.com/212x146.png/dddddd/000000',47),(217,'http://dummyimage.com/242x109.png/ff4444/ffffff',180),(218,'http://dummyimage.com/185x205.png/cc0000/ffffff',32),(219,'http://dummyimage.com/110x237.jpg/5fa2dd/ffffff',191),(220,'http://dummyimage.com/131x190.png/ff4444/ffffff',194),(221,'http://dummyimage.com/211x134.jpg/ff4444/ffffff',192),(222,'http://dummyimage.com/174x119.png/5fa2dd/ffffff',36),(223,'http://dummyimage.com/169x123.png/cc0000/ffffff',166),(224,'http://dummyimage.com/192x182.png/cc0000/ffffff',180),(225,'http://dummyimage.com/226x140.bmp/5fa2dd/ffffff',152),(226,'http://dummyimage.com/179x101.jpg/cc0000/ffffff',153),(227,'http://dummyimage.com/226x145.jpg/5fa2dd/ffffff',153),(228,'http://dummyimage.com/228x191.png/cc0000/ffffff',160),(229,'http://dummyimage.com/200x139.bmp/5fa2dd/ffffff',87),(230,'http://dummyimage.com/211x155.png/cc0000/ffffff',24),(231,'http://dummyimage.com/113x217.bmp/5fa2dd/ffffff',165),(232,'http://dummyimage.com/229x212.bmp/cc0000/ffffff',94),(233,'http://dummyimage.com/250x138.jpg/ff4444/ffffff',99),(234,'http://dummyimage.com/112x206.bmp/dddddd/000000',126),(235,'http://dummyimage.com/212x151.png/ff4444/ffffff',2),(236,'http://dummyimage.com/148x161.bmp/dddddd/000000',56),(237,'http://dummyimage.com/218x190.bmp/cc0000/ffffff',192),(238,'http://dummyimage.com/148x228.bmp/5fa2dd/ffffff',138),(239,'http://dummyimage.com/191x218.bmp/cc0000/ffffff',94),(240,'http://dummyimage.com/249x230.png/ff4444/ffffff',108),(241,'http://dummyimage.com/169x123.png/5fa2dd/ffffff',196),(242,'http://dummyimage.com/191x137.jpg/5fa2dd/ffffff',73),(243,'http://dummyimage.com/211x119.png/cc0000/ffffff',34),(244,'http://dummyimage.com/220x212.jpg/cc0000/ffffff',38),(245,'http://dummyimage.com/123x144.png/dddddd/000000',36),(246,'http://dummyimage.com/174x172.bmp/5fa2dd/ffffff',36),(247,'http://dummyimage.com/158x155.png/5fa2dd/ffffff',61),(248,'http://dummyimage.com/158x120.bmp/5fa2dd/ffffff',56),(249,'http://dummyimage.com/145x215.png/dddddd/000000',81),(250,'http://dummyimage.com/181x183.jpg/ff4444/ffffff',3),(251,'http://dummyimage.com/155x199.bmp/ff4444/ffffff',30),(252,'http://dummyimage.com/238x239.jpg/ff4444/ffffff',75),(253,'http://dummyimage.com/214x229.jpg/cc0000/ffffff',106),(254,'http://dummyimage.com/106x119.bmp/dddddd/000000',65),(255,'http://dummyimage.com/230x127.jpg/dddddd/000000',33),(256,'http://dummyimage.com/192x172.jpg/ff4444/ffffff',75),(257,'http://dummyimage.com/120x105.bmp/ff4444/ffffff',49),(258,'http://dummyimage.com/192x190.bmp/dddddd/000000',74),(259,'http://dummyimage.com/202x158.bmp/ff4444/ffffff',198),(260,'http://dummyimage.com/224x238.bmp/ff4444/ffffff',42),(261,'http://dummyimage.com/163x178.png/dddddd/000000',32),(262,'http://dummyimage.com/193x153.jpg/ff4444/ffffff',185),(263,'http://dummyimage.com/194x186.jpg/dddddd/000000',178),(264,'http://dummyimage.com/223x194.png/5fa2dd/ffffff',121),(265,'http://dummyimage.com/208x202.jpg/cc0000/ffffff',147),(266,'http://dummyimage.com/109x131.jpg/5fa2dd/ffffff',93),(267,'http://dummyimage.com/141x181.jpg/5fa2dd/ffffff',59),(268,'http://dummyimage.com/134x120.bmp/5fa2dd/ffffff',6),(269,'http://dummyimage.com/177x246.bmp/cc0000/ffffff',90),(270,'http://dummyimage.com/165x153.jpg/ff4444/ffffff',140),(271,'http://dummyimage.com/209x174.bmp/ff4444/ffffff',169),(272,'http://dummyimage.com/212x148.jpg/dddddd/000000',175),(273,'http://dummyimage.com/140x178.png/dddddd/000000',22),(274,'http://dummyimage.com/122x158.png/5fa2dd/ffffff',188),(275,'http://dummyimage.com/144x234.jpg/5fa2dd/ffffff',140),(276,'http://dummyimage.com/224x112.bmp/dddddd/000000',101),(277,'http://dummyimage.com/176x100.bmp/ff4444/ffffff',87),(278,'http://dummyimage.com/221x162.bmp/dddddd/000000',165),(279,'http://dummyimage.com/175x249.jpg/dddddd/000000',5),(280,'http://dummyimage.com/228x177.jpg/5fa2dd/ffffff',16),(281,'http://dummyimage.com/237x250.bmp/ff4444/ffffff',19),(282,'http://dummyimage.com/157x132.bmp/ff4444/ffffff',193),(283,'http://dummyimage.com/140x108.bmp/ff4444/ffffff',8),(284,'http://dummyimage.com/137x218.jpg/dddddd/000000',28),(285,'http://dummyimage.com/234x204.bmp/5fa2dd/ffffff',138),(286,'http://dummyimage.com/118x206.png/5fa2dd/ffffff',119),(287,'http://dummyimage.com/102x108.bmp/ff4444/ffffff',144),(288,'http://dummyimage.com/225x236.png/5fa2dd/ffffff',104),(289,'http://dummyimage.com/100x138.bmp/dddddd/000000',136),(290,'http://dummyimage.com/104x203.jpg/dddddd/000000',104),(291,'http://dummyimage.com/100x130.png/ff4444/ffffff',77),(292,'http://dummyimage.com/206x113.jpg/cc0000/ffffff',166),(293,'http://dummyimage.com/234x137.jpg/ff4444/ffffff',43),(294,'http://dummyimage.com/241x130.png/5fa2dd/ffffff',99),(295,'http://dummyimage.com/180x102.png/cc0000/ffffff',177),(296,'http://dummyimage.com/185x129.jpg/ff4444/ffffff',7),(297,'http://dummyimage.com/194x244.jpg/ff4444/ffffff',92),(298,'http://dummyimage.com/100x207.bmp/cc0000/ffffff',50),(299,'http://dummyimage.com/157x164.bmp/5fa2dd/ffffff',37),(300,'http://dummyimage.com/199x212.bmp/cc0000/ffffff',121),(301,'http://dummyimage.com/109x135.jpg/5fa2dd/ffffff',184),(302,'http://dummyimage.com/225x111.jpg/cc0000/ffffff',55),(303,'http://dummyimage.com/248x141.jpg/dddddd/000000',173),(304,'http://dummyimage.com/144x151.jpg/ff4444/ffffff',131),(305,'http://dummyimage.com/119x190.jpg/dddddd/000000',98),(306,'http://dummyimage.com/101x137.jpg/dddddd/000000',137),(307,'http://dummyimage.com/154x201.png/5fa2dd/ffffff',73),(308,'http://dummyimage.com/101x219.png/cc0000/ffffff',154),(309,'http://dummyimage.com/169x176.bmp/cc0000/ffffff',199),(310,'http://dummyimage.com/157x151.jpg/dddddd/000000',101),(311,'http://dummyimage.com/164x214.bmp/5fa2dd/ffffff',74),(312,'http://dummyimage.com/138x238.png/ff4444/ffffff',48),(313,'http://dummyimage.com/243x213.bmp/dddddd/000000',102),(314,'http://dummyimage.com/219x100.bmp/dddddd/000000',195),(315,'http://dummyimage.com/177x100.png/dddddd/000000',171),(316,'http://dummyimage.com/148x148.bmp/5fa2dd/ffffff',70),(317,'http://dummyimage.com/206x100.bmp/dddddd/000000',197),(318,'http://dummyimage.com/233x246.png/5fa2dd/ffffff',20),(319,'http://dummyimage.com/229x152.png/ff4444/ffffff',200),(320,'http://dummyimage.com/218x120.jpg/dddddd/000000',167),(321,'http://dummyimage.com/109x122.bmp/ff4444/ffffff',16),(322,'http://dummyimage.com/125x128.png/dddddd/000000',49),(323,'http://dummyimage.com/137x213.jpg/cc0000/ffffff',71),(324,'http://dummyimage.com/124x174.png/5fa2dd/ffffff',73),(325,'http://dummyimage.com/126x174.jpg/cc0000/ffffff',81),(326,'http://dummyimage.com/145x250.png/5fa2dd/ffffff',51),(327,'http://dummyimage.com/200x135.bmp/ff4444/ffffff',156),(328,'http://dummyimage.com/114x133.bmp/dddddd/000000',31),(329,'http://dummyimage.com/104x153.bmp/cc0000/ffffff',110),(330,'http://dummyimage.com/224x145.jpg/5fa2dd/ffffff',90),(331,'http://dummyimage.com/187x201.png/cc0000/ffffff',140),(332,'http://dummyimage.com/185x178.jpg/dddddd/000000',50),(333,'http://dummyimage.com/103x235.jpg/cc0000/ffffff',39),(334,'http://dummyimage.com/223x201.bmp/cc0000/ffffff',99),(335,'http://dummyimage.com/140x247.jpg/dddddd/000000',94),(336,'http://dummyimage.com/202x118.png/cc0000/ffffff',116),(337,'http://dummyimage.com/145x146.jpg/cc0000/ffffff',99),(338,'http://dummyimage.com/121x172.bmp/ff4444/ffffff',145),(339,'http://dummyimage.com/247x221.jpg/ff4444/ffffff',81),(340,'http://dummyimage.com/170x189.bmp/dddddd/000000',7),(341,'http://dummyimage.com/217x115.jpg/ff4444/ffffff',79),(342,'http://dummyimage.com/129x198.jpg/ff4444/ffffff',124),(343,'http://dummyimage.com/192x193.bmp/dddddd/000000',188),(344,'http://dummyimage.com/243x124.png/ff4444/ffffff',65),(345,'http://dummyimage.com/147x209.jpg/ff4444/ffffff',1),(346,'http://dummyimage.com/120x130.png/cc0000/ffffff',134),(347,'http://dummyimage.com/187x162.bmp/dddddd/000000',61),(348,'http://dummyimage.com/129x221.bmp/5fa2dd/ffffff',52),(349,'http://dummyimage.com/195x131.png/ff4444/ffffff',50),(350,'http://dummyimage.com/249x247.bmp/cc0000/ffffff',25),(351,'http://dummyimage.com/101x113.png/cc0000/ffffff',38),(352,'http://dummyimage.com/241x161.bmp/cc0000/ffffff',126),(353,'http://dummyimage.com/216x224.png/dddddd/000000',180),(354,'http://dummyimage.com/167x148.png/cc0000/ffffff',75),(355,'http://dummyimage.com/179x216.bmp/cc0000/ffffff',193),(356,'http://dummyimage.com/146x222.bmp/cc0000/ffffff',56),(357,'http://dummyimage.com/231x120.png/dddddd/000000',103),(358,'http://dummyimage.com/232x163.jpg/5fa2dd/ffffff',109),(359,'http://dummyimage.com/226x206.jpg/ff4444/ffffff',200),(360,'http://dummyimage.com/137x141.jpg/5fa2dd/ffffff',93),(361,'http://dummyimage.com/123x173.jpg/cc0000/ffffff',51),(362,'http://dummyimage.com/132x223.bmp/dddddd/000000',103),(363,'http://dummyimage.com/223x150.png/dddddd/000000',87),(364,'http://dummyimage.com/155x118.jpg/5fa2dd/ffffff',176),(365,'http://dummyimage.com/137x218.png/5fa2dd/ffffff',192),(366,'http://dummyimage.com/184x177.bmp/dddddd/000000',105),(367,'http://dummyimage.com/189x189.png/ff4444/ffffff',132),(368,'http://dummyimage.com/128x247.png/cc0000/ffffff',80),(369,'http://dummyimage.com/150x121.png/ff4444/ffffff',18),(370,'http://dummyimage.com/121x107.bmp/cc0000/ffffff',85),(371,'http://dummyimage.com/184x170.jpg/cc0000/ffffff',48),(372,'http://dummyimage.com/188x210.bmp/5fa2dd/ffffff',74),(373,'http://dummyimage.com/150x105.bmp/5fa2dd/ffffff',54),(374,'http://dummyimage.com/112x155.png/ff4444/ffffff',143),(375,'http://dummyimage.com/206x174.jpg/cc0000/ffffff',91),(376,'http://dummyimage.com/228x121.png/5fa2dd/ffffff',103),(377,'http://dummyimage.com/185x141.bmp/ff4444/ffffff',86),(378,'http://dummyimage.com/158x141.bmp/ff4444/ffffff',19),(379,'http://dummyimage.com/211x248.jpg/5fa2dd/ffffff',29),(380,'http://dummyimage.com/137x116.jpg/5fa2dd/ffffff',30),(381,'http://dummyimage.com/201x222.bmp/cc0000/ffffff',64),(382,'http://dummyimage.com/211x165.jpg/5fa2dd/ffffff',87),(383,'http://dummyimage.com/153x235.bmp/dddddd/000000',148),(384,'http://dummyimage.com/142x237.png/5fa2dd/ffffff',86),(385,'http://dummyimage.com/168x149.bmp/dddddd/000000',98),(386,'http://dummyimage.com/117x193.bmp/dddddd/000000',76),(387,'http://dummyimage.com/210x173.bmp/ff4444/ffffff',82),(388,'http://dummyimage.com/156x130.bmp/5fa2dd/ffffff',168),(389,'http://dummyimage.com/187x101.jpg/5fa2dd/ffffff',51),(390,'http://dummyimage.com/115x135.bmp/5fa2dd/ffffff',168),(391,'http://dummyimage.com/240x182.jpg/dddddd/000000',116),(392,'http://dummyimage.com/222x234.bmp/ff4444/ffffff',35),(393,'http://dummyimage.com/241x208.bmp/dddddd/000000',87),(394,'http://dummyimage.com/181x211.bmp/5fa2dd/ffffff',79),(395,'http://dummyimage.com/137x163.bmp/cc0000/ffffff',79),(396,'http://dummyimage.com/229x228.png/5fa2dd/ffffff',180),(397,'http://dummyimage.com/154x152.jpg/cc0000/ffffff',114),(398,'http://dummyimage.com/212x211.bmp/ff4444/ffffff',159),(399,'http://dummyimage.com/209x192.bmp/cc0000/ffffff',50),(400,'http://dummyimage.com/171x154.png/cc0000/ffffff',21),(401,'http://dummyimage.com/194x200.png/5fa2dd/ffffff',56),(402,'http://dummyimage.com/163x229.jpg/dddddd/000000',179),(403,'http://dummyimage.com/227x121.png/ff4444/ffffff',10),(404,'http://dummyimage.com/111x250.bmp/cc0000/ffffff',185),(405,'http://dummyimage.com/132x105.png/5fa2dd/ffffff',94),(406,'http://dummyimage.com/139x179.png/5fa2dd/ffffff',58),(407,'http://dummyimage.com/166x184.bmp/dddddd/000000',40),(408,'http://dummyimage.com/125x164.jpg/5fa2dd/ffffff',124),(409,'http://dummyimage.com/215x223.jpg/cc0000/ffffff',85),(410,'http://dummyimage.com/146x160.png/cc0000/ffffff',170),(411,'http://dummyimage.com/145x133.png/cc0000/ffffff',20),(412,'http://dummyimage.com/216x121.bmp/cc0000/ffffff',106),(413,'http://dummyimage.com/217x154.jpg/dddddd/000000',187),(414,'http://dummyimage.com/206x224.png/cc0000/ffffff',150),(415,'http://dummyimage.com/169x165.bmp/5fa2dd/ffffff',162),(416,'http://dummyimage.com/106x231.jpg/ff4444/ffffff',189),(417,'http://dummyimage.com/215x101.bmp/cc0000/ffffff',35),(418,'http://dummyimage.com/140x123.bmp/cc0000/ffffff',9),(419,'http://dummyimage.com/110x133.jpg/ff4444/ffffff',89),(420,'http://dummyimage.com/228x127.bmp/ff4444/ffffff',4),(421,'http://dummyimage.com/109x182.bmp/cc0000/ffffff',20),(422,'http://dummyimage.com/124x143.jpg/ff4444/ffffff',97),(423,'http://dummyimage.com/104x158.png/cc0000/ffffff',83),(424,'http://dummyimage.com/156x195.png/ff4444/ffffff',122),(425,'http://dummyimage.com/113x123.jpg/ff4444/ffffff',138),(426,'http://dummyimage.com/227x226.jpg/ff4444/ffffff',101),(427,'http://dummyimage.com/235x178.bmp/5fa2dd/ffffff',133),(428,'http://dummyimage.com/244x182.png/dddddd/000000',87),(429,'http://dummyimage.com/149x142.jpg/ff4444/ffffff',48),(430,'http://dummyimage.com/191x179.bmp/5fa2dd/ffffff',135),(431,'http://dummyimage.com/224x239.jpg/cc0000/ffffff',111),(432,'http://dummyimage.com/182x250.png/ff4444/ffffff',38),(433,'http://dummyimage.com/240x192.png/dddddd/000000',122),(434,'http://dummyimage.com/228x193.bmp/cc0000/ffffff',135),(435,'http://dummyimage.com/122x188.jpg/ff4444/ffffff',17),(436,'http://dummyimage.com/117x129.jpg/dddddd/000000',96),(437,'http://dummyimage.com/105x147.png/5fa2dd/ffffff',5),(438,'http://dummyimage.com/141x145.jpg/ff4444/ffffff',42),(439,'http://dummyimage.com/144x124.bmp/ff4444/ffffff',113),(440,'http://dummyimage.com/162x212.bmp/dddddd/000000',79),(441,'http://dummyimage.com/221x178.png/dddddd/000000',75),(442,'http://dummyimage.com/217x103.bmp/5fa2dd/ffffff',103),(443,'http://dummyimage.com/228x156.jpg/dddddd/000000',98),(444,'http://dummyimage.com/235x193.bmp/dddddd/000000',159),(445,'http://dummyimage.com/230x203.jpg/cc0000/ffffff',68),(446,'http://dummyimage.com/162x204.png/ff4444/ffffff',122),(447,'http://dummyimage.com/101x168.png/dddddd/000000',80),(448,'http://dummyimage.com/190x128.bmp/5fa2dd/ffffff',173),(449,'http://dummyimage.com/220x174.bmp/5fa2dd/ffffff',28),(450,'http://dummyimage.com/155x166.bmp/5fa2dd/ffffff',110),(451,'http://dummyimage.com/176x202.bmp/5fa2dd/ffffff',51),(452,'http://dummyimage.com/151x155.bmp/ff4444/ffffff',92),(453,'http://dummyimage.com/138x247.png/cc0000/ffffff',146),(454,'http://dummyimage.com/120x124.jpg/5fa2dd/ffffff',171),(455,'http://dummyimage.com/127x235.bmp/dddddd/000000',66),(456,'http://dummyimage.com/102x163.jpg/5fa2dd/ffffff',26),(457,'http://dummyimage.com/208x169.jpg/dddddd/000000',28),(458,'http://dummyimage.com/188x143.jpg/5fa2dd/ffffff',120),(459,'http://dummyimage.com/196x113.jpg/cc0000/ffffff',137),(460,'http://dummyimage.com/248x136.png/5fa2dd/ffffff',109),(461,'http://dummyimage.com/215x241.bmp/ff4444/ffffff',170),(462,'http://dummyimage.com/115x107.jpg/cc0000/ffffff',159),(463,'http://dummyimage.com/167x164.bmp/5fa2dd/ffffff',18),(464,'http://dummyimage.com/123x240.png/dddddd/000000',183),(465,'http://dummyimage.com/171x155.png/dddddd/000000',183),(466,'http://dummyimage.com/150x107.png/ff4444/ffffff',69),(467,'http://dummyimage.com/241x176.png/ff4444/ffffff',32),(468,'http://dummyimage.com/108x167.bmp/5fa2dd/ffffff',74),(469,'http://dummyimage.com/164x212.jpg/cc0000/ffffff',75),(470,'http://dummyimage.com/138x191.jpg/5fa2dd/ffffff',12),(471,'http://dummyimage.com/105x134.jpg/dddddd/000000',122),(472,'http://dummyimage.com/199x178.png/dddddd/000000',192),(473,'http://dummyimage.com/154x111.jpg/ff4444/ffffff',146),(474,'http://dummyimage.com/124x141.jpg/cc0000/ffffff',94),(475,'http://dummyimage.com/165x184.png/5fa2dd/ffffff',88),(476,'http://dummyimage.com/119x208.bmp/5fa2dd/ffffff',82),(477,'http://dummyimage.com/104x119.png/5fa2dd/ffffff',17),(478,'http://dummyimage.com/120x224.bmp/dddddd/000000',198),(479,'http://dummyimage.com/127x248.bmp/5fa2dd/ffffff',86),(480,'http://dummyimage.com/219x172.png/ff4444/ffffff',26),(481,'http://dummyimage.com/221x249.bmp/ff4444/ffffff',101),(482,'http://dummyimage.com/239x140.png/5fa2dd/ffffff',82),(483,'http://dummyimage.com/143x100.jpg/dddddd/000000',143),(484,'http://dummyimage.com/136x156.png/dddddd/000000',12),(485,'http://dummyimage.com/111x102.jpg/dddddd/000000',76),(486,'http://dummyimage.com/223x194.jpg/cc0000/ffffff',11),(487,'http://dummyimage.com/224x155.jpg/ff4444/ffffff',147),(488,'http://dummyimage.com/106x112.jpg/dddddd/000000',179),(489,'http://dummyimage.com/168x149.bmp/ff4444/ffffff',112),(490,'http://dummyimage.com/235x200.png/ff4444/ffffff',108),(491,'http://dummyimage.com/100x240.bmp/cc0000/ffffff',114),(492,'http://dummyimage.com/123x109.bmp/ff4444/ffffff',40),(493,'http://dummyimage.com/216x114.bmp/cc0000/ffffff',84),(494,'http://dummyimage.com/183x134.jpg/dddddd/000000',31),(495,'http://dummyimage.com/226x168.jpg/dddddd/000000',68),(496,'http://dummyimage.com/218x198.bmp/dddddd/000000',177),(497,'http://dummyimage.com/153x141.bmp/5fa2dd/ffffff',47),(498,'http://dummyimage.com/103x197.jpg/5fa2dd/ffffff',140),(499,'http://dummyimage.com/235x209.jpg/dddddd/000000',108),(500,'http://dummyimage.com/191x105.png/dddddd/000000',74),(501,'http://dummyimage.com/134x187.jpg/5fa2dd/ffffff',172),(502,'http://dummyimage.com/145x158.jpg/cc0000/ffffff',190),(503,'http://dummyimage.com/157x241.png/ff4444/ffffff',140),(504,'http://dummyimage.com/169x238.png/5fa2dd/ffffff',103),(505,'http://dummyimage.com/131x198.jpg/5fa2dd/ffffff',31),(506,'http://dummyimage.com/120x124.jpg/5fa2dd/ffffff',200),(507,'http://dummyimage.com/243x119.png/ff4444/ffffff',9),(508,'http://dummyimage.com/184x214.bmp/cc0000/ffffff',185),(509,'http://dummyimage.com/218x235.png/ff4444/ffffff',144),(510,'http://dummyimage.com/144x162.bmp/ff4444/ffffff',152),(511,'http://dummyimage.com/185x250.jpg/dddddd/000000',124),(512,'http://dummyimage.com/158x247.bmp/5fa2dd/ffffff',57),(513,'http://dummyimage.com/201x215.bmp/cc0000/ffffff',40),(514,'http://dummyimage.com/158x191.png/dddddd/000000',60),(515,'http://dummyimage.com/153x195.png/ff4444/ffffff',61),(516,'http://dummyimage.com/144x170.jpg/ff4444/ffffff',47),(517,'http://dummyimage.com/225x154.bmp/cc0000/ffffff',186),(518,'http://dummyimage.com/241x205.bmp/5fa2dd/ffffff',173),(519,'http://dummyimage.com/225x246.jpg/dddddd/000000',175),(520,'http://dummyimage.com/160x155.bmp/5fa2dd/ffffff',142),(521,'http://dummyimage.com/149x139.jpg/5fa2dd/ffffff',174),(522,'http://dummyimage.com/128x182.png/5fa2dd/ffffff',52),(523,'http://dummyimage.com/175x165.bmp/5fa2dd/ffffff',10),(524,'http://dummyimage.com/151x110.png/dddddd/000000',65),(525,'http://dummyimage.com/223x112.bmp/ff4444/ffffff',94),(526,'http://dummyimage.com/229x228.bmp/cc0000/ffffff',161),(527,'http://dummyimage.com/125x166.png/5fa2dd/ffffff',93),(528,'http://dummyimage.com/163x163.bmp/cc0000/ffffff',33),(529,'http://dummyimage.com/181x132.jpg/5fa2dd/ffffff',124),(530,'http://dummyimage.com/237x219.jpg/5fa2dd/ffffff',185),(531,'http://dummyimage.com/182x121.jpg/cc0000/ffffff',149),(532,'http://dummyimage.com/181x235.bmp/cc0000/ffffff',132),(533,'http://dummyimage.com/183x209.bmp/dddddd/000000',27),(534,'http://dummyimage.com/189x195.jpg/5fa2dd/ffffff',148),(535,'http://dummyimage.com/201x225.png/ff4444/ffffff',102),(536,'http://dummyimage.com/249x200.jpg/5fa2dd/ffffff',30),(537,'http://dummyimage.com/113x221.png/ff4444/ffffff',65),(538,'http://dummyimage.com/195x175.png/cc0000/ffffff',158),(539,'http://dummyimage.com/228x248.bmp/dddddd/000000',22),(540,'http://dummyimage.com/143x181.jpg/5fa2dd/ffffff',116),(541,'http://dummyimage.com/152x222.jpg/ff4444/ffffff',155),(542,'http://dummyimage.com/195x106.png/dddddd/000000',180),(543,'http://dummyimage.com/236x171.jpg/dddddd/000000',89),(544,'http://dummyimage.com/180x106.jpg/ff4444/ffffff',65),(545,'http://dummyimage.com/109x183.jpg/5fa2dd/ffffff',160),(546,'http://dummyimage.com/135x100.png/dddddd/000000',77),(547,'http://dummyimage.com/123x209.bmp/ff4444/ffffff',131),(548,'http://dummyimage.com/110x141.bmp/dddddd/000000',112),(549,'http://dummyimage.com/172x138.png/ff4444/ffffff',82),(550,'http://dummyimage.com/240x173.jpg/cc0000/ffffff',27),(551,'http://dummyimage.com/135x121.png/5fa2dd/ffffff',39),(552,'http://dummyimage.com/170x215.png/dddddd/000000',3),(553,'http://dummyimage.com/214x243.jpg/ff4444/ffffff',193),(554,'http://dummyimage.com/206x161.png/5fa2dd/ffffff',169),(555,'http://dummyimage.com/213x101.jpg/ff4444/ffffff',158),(556,'http://dummyimage.com/161x226.png/dddddd/000000',92),(557,'http://dummyimage.com/141x138.bmp/ff4444/ffffff',82),(558,'http://dummyimage.com/187x205.jpg/5fa2dd/ffffff',157),(559,'http://dummyimage.com/224x212.bmp/cc0000/ffffff',56),(560,'http://dummyimage.com/143x140.png/ff4444/ffffff',158),(561,'http://dummyimage.com/119x189.jpg/cc0000/ffffff',180),(562,'http://dummyimage.com/160x167.bmp/ff4444/ffffff',151),(563,'http://dummyimage.com/214x216.jpg/ff4444/ffffff',62),(564,'http://dummyimage.com/188x201.png/ff4444/ffffff',28),(565,'http://dummyimage.com/195x131.png/dddddd/000000',170),(566,'http://dummyimage.com/126x249.bmp/ff4444/ffffff',85),(567,'http://dummyimage.com/143x186.jpg/cc0000/ffffff',149),(568,'http://dummyimage.com/145x236.bmp/cc0000/ffffff',166),(569,'http://dummyimage.com/212x160.png/ff4444/ffffff',153),(570,'http://dummyimage.com/223x225.png/dddddd/000000',18),(571,'http://dummyimage.com/239x105.png/cc0000/ffffff',153),(572,'http://dummyimage.com/225x232.png/dddddd/000000',29),(573,'http://dummyimage.com/190x131.jpg/5fa2dd/ffffff',156),(574,'http://dummyimage.com/137x220.png/dddddd/000000',161),(575,'http://dummyimage.com/136x107.jpg/cc0000/ffffff',167),(576,'http://dummyimage.com/237x183.jpg/cc0000/ffffff',36),(577,'http://dummyimage.com/209x132.jpg/ff4444/ffffff',39),(578,'http://dummyimage.com/167x116.png/dddddd/000000',200),(579,'http://dummyimage.com/224x166.bmp/dddddd/000000',30),(580,'http://dummyimage.com/128x192.jpg/dddddd/000000',154),(581,'http://dummyimage.com/140x139.png/dddddd/000000',96),(582,'http://dummyimage.com/172x161.jpg/cc0000/ffffff',172),(583,'http://dummyimage.com/249x203.bmp/dddddd/000000',62),(584,'http://dummyimage.com/161x133.bmp/cc0000/ffffff',198),(585,'http://dummyimage.com/225x103.jpg/5fa2dd/ffffff',100),(586,'http://dummyimage.com/164x171.png/ff4444/ffffff',93),(587,'http://dummyimage.com/171x163.png/5fa2dd/ffffff',123),(588,'http://dummyimage.com/128x203.jpg/dddddd/000000',166),(589,'http://dummyimage.com/146x182.jpg/dddddd/000000',11),(590,'http://dummyimage.com/178x224.bmp/5fa2dd/ffffff',29),(591,'http://dummyimage.com/113x192.bmp/ff4444/ffffff',137),(592,'http://dummyimage.com/134x113.bmp/dddddd/000000',159),(593,'http://dummyimage.com/198x180.jpg/cc0000/ffffff',8),(594,'http://dummyimage.com/140x144.png/cc0000/ffffff',97),(595,'http://dummyimage.com/194x109.png/dddddd/000000',130),(596,'http://dummyimage.com/232x130.jpg/cc0000/ffffff',178),(597,'http://dummyimage.com/191x188.jpg/5fa2dd/ffffff',199),(598,'http://dummyimage.com/100x189.bmp/dddddd/000000',89),(599,'http://dummyimage.com/238x215.png/ff4444/ffffff',4),(600,'http://dummyimage.com/173x207.bmp/dddddd/000000',9),(601,'http://dummyimage.com/232x142.bmp/5fa2dd/ffffff',114),(602,'http://dummyimage.com/206x173.png/cc0000/ffffff',163),(603,'http://dummyimage.com/126x233.jpg/cc0000/ffffff',142),(604,'http://dummyimage.com/123x159.bmp/cc0000/ffffff',30),(605,'http://dummyimage.com/163x102.jpg/5fa2dd/ffffff',84),(606,'http://dummyimage.com/194x245.png/dddddd/000000',200),(607,'http://dummyimage.com/246x160.jpg/cc0000/ffffff',85),(608,'http://dummyimage.com/183x100.bmp/5fa2dd/ffffff',113),(609,'http://dummyimage.com/113x128.bmp/ff4444/ffffff',177),(610,'http://dummyimage.com/144x248.bmp/cc0000/ffffff',158),(611,'http://dummyimage.com/158x187.bmp/dddddd/000000',169),(612,'http://dummyimage.com/231x175.png/dddddd/000000',70),(613,'http://dummyimage.com/210x237.jpg/dddddd/000000',113),(614,'http://dummyimage.com/213x172.bmp/5fa2dd/ffffff',169),(615,'http://dummyimage.com/230x142.png/dddddd/000000',38),(616,'http://dummyimage.com/129x152.png/ff4444/ffffff',178),(617,'http://dummyimage.com/109x157.png/5fa2dd/ffffff',188),(618,'http://dummyimage.com/143x190.jpg/cc0000/ffffff',87),(619,'http://dummyimage.com/218x124.png/cc0000/ffffff',112),(620,'http://dummyimage.com/235x175.jpg/cc0000/ffffff',200),(621,'http://dummyimage.com/109x163.jpg/cc0000/ffffff',188),(622,'http://dummyimage.com/183x160.png/5fa2dd/ffffff',19),(623,'http://dummyimage.com/223x131.png/5fa2dd/ffffff',84),(624,'http://dummyimage.com/169x226.bmp/cc0000/ffffff',176),(625,'http://dummyimage.com/241x195.jpg/5fa2dd/ffffff',79),(626,'http://dummyimage.com/128x169.jpg/cc0000/ffffff',72),(627,'http://dummyimage.com/216x224.jpg/5fa2dd/ffffff',186),(628,'http://dummyimage.com/192x191.jpg/dddddd/000000',53),(629,'http://dummyimage.com/236x205.jpg/5fa2dd/ffffff',171),(630,'http://dummyimage.com/214x228.bmp/5fa2dd/ffffff',161),(631,'http://dummyimage.com/120x108.jpg/ff4444/ffffff',167),(632,'http://dummyimage.com/131x225.png/dddddd/000000',54),(633,'http://dummyimage.com/161x237.bmp/5fa2dd/ffffff',193),(634,'http://dummyimage.com/197x206.bmp/ff4444/ffffff',32),(635,'http://dummyimage.com/144x151.png/dddddd/000000',106),(636,'http://dummyimage.com/191x107.bmp/5fa2dd/ffffff',173),(637,'http://dummyimage.com/171x198.jpg/5fa2dd/ffffff',171),(638,'http://dummyimage.com/212x230.png/cc0000/ffffff',160),(639,'http://dummyimage.com/184x179.jpg/5fa2dd/ffffff',98),(640,'http://dummyimage.com/191x170.jpg/cc0000/ffffff',100),(641,'http://dummyimage.com/160x101.png/5fa2dd/ffffff',174),(642,'http://dummyimage.com/163x184.jpg/cc0000/ffffff',186),(643,'http://dummyimage.com/171x154.bmp/5fa2dd/ffffff',45),(644,'http://dummyimage.com/232x153.bmp/cc0000/ffffff',70),(645,'http://dummyimage.com/114x191.jpg/dddddd/000000',81),(646,'http://dummyimage.com/150x229.jpg/5fa2dd/ffffff',57),(647,'http://dummyimage.com/109x168.png/5fa2dd/ffffff',84),(648,'http://dummyimage.com/236x113.jpg/5fa2dd/ffffff',176),(649,'http://dummyimage.com/166x171.png/dddddd/000000',52),(650,'http://dummyimage.com/165x237.bmp/cc0000/ffffff',74),(651,'http://dummyimage.com/147x188.jpg/cc0000/ffffff',132),(652,'http://dummyimage.com/103x140.jpg/cc0000/ffffff',93),(653,'http://dummyimage.com/238x194.bmp/dddddd/000000',154),(654,'http://dummyimage.com/101x191.bmp/dddddd/000000',173),(655,'http://dummyimage.com/137x239.bmp/dddddd/000000',121),(656,'http://dummyimage.com/231x231.bmp/dddddd/000000',1),(657,'http://dummyimage.com/210x150.jpg/cc0000/ffffff',121),(658,'http://dummyimage.com/189x157.bmp/ff4444/ffffff',200),(659,'http://dummyimage.com/154x187.png/dddddd/000000',107),(660,'http://dummyimage.com/184x133.jpg/cc0000/ffffff',19),(661,'http://dummyimage.com/171x243.png/cc0000/ffffff',114),(662,'http://dummyimage.com/136x109.png/5fa2dd/ffffff',173),(663,'http://dummyimage.com/169x211.png/cc0000/ffffff',44),(664,'http://dummyimage.com/132x114.bmp/cc0000/ffffff',8),(665,'http://dummyimage.com/104x142.bmp/ff4444/ffffff',130),(666,'http://dummyimage.com/239x120.bmp/5fa2dd/ffffff',62),(667,'http://dummyimage.com/185x161.png/dddddd/000000',67),(668,'http://dummyimage.com/239x187.jpg/5fa2dd/ffffff',57),(669,'http://dummyimage.com/218x234.png/ff4444/ffffff',49),(670,'http://dummyimage.com/215x112.bmp/cc0000/ffffff',156),(671,'http://dummyimage.com/138x108.png/dddddd/000000',82),(672,'http://dummyimage.com/235x107.png/cc0000/ffffff',176),(673,'http://dummyimage.com/115x174.jpg/dddddd/000000',62),(674,'http://dummyimage.com/147x114.png/ff4444/ffffff',81),(675,'http://dummyimage.com/230x131.bmp/cc0000/ffffff',26),(676,'http://dummyimage.com/173x173.png/cc0000/ffffff',77),(677,'http://dummyimage.com/145x205.jpg/cc0000/ffffff',22),(678,'http://dummyimage.com/214x205.jpg/5fa2dd/ffffff',83),(679,'http://dummyimage.com/118x202.png/5fa2dd/ffffff',31),(680,'http://dummyimage.com/184x114.png/5fa2dd/ffffff',83),(681,'http://dummyimage.com/249x228.png/cc0000/ffffff',98),(682,'http://dummyimage.com/121x243.png/ff4444/ffffff',126),(683,'http://dummyimage.com/180x175.jpg/cc0000/ffffff',8),(684,'http://dummyimage.com/203x101.bmp/ff4444/ffffff',88),(685,'http://dummyimage.com/250x135.png/ff4444/ffffff',9),(686,'http://dummyimage.com/106x131.png/cc0000/ffffff',6),(687,'http://dummyimage.com/165x176.jpg/ff4444/ffffff',167),(688,'http://dummyimage.com/109x235.bmp/5fa2dd/ffffff',66),(689,'http://dummyimage.com/198x162.jpg/5fa2dd/ffffff',118),(690,'http://dummyimage.com/211x187.jpg/dddddd/000000',55),(691,'http://dummyimage.com/171x200.png/ff4444/ffffff',119),(692,'http://dummyimage.com/101x250.jpg/5fa2dd/ffffff',39),(693,'http://dummyimage.com/100x246.jpg/cc0000/ffffff',122),(694,'http://dummyimage.com/210x234.png/cc0000/ffffff',43),(695,'http://dummyimage.com/179x148.png/ff4444/ffffff',189),(696,'http://dummyimage.com/114x180.jpg/ff4444/ffffff',200),(697,'http://dummyimage.com/149x118.bmp/5fa2dd/ffffff',47),(698,'http://dummyimage.com/109x102.jpg/cc0000/ffffff',59),(699,'http://dummyimage.com/106x162.bmp/ff4444/ffffff',57),(700,'http://dummyimage.com/178x157.bmp/5fa2dd/ffffff',71),(701,'http://dummyimage.com/193x139.jpg/cc0000/ffffff',112),(702,'http://dummyimage.com/180x173.jpg/5fa2dd/ffffff',55),(703,'http://dummyimage.com/181x198.jpg/ff4444/ffffff',93),(704,'http://dummyimage.com/223x117.jpg/dddddd/000000',34),(705,'http://dummyimage.com/104x169.bmp/dddddd/000000',78),(706,'http://dummyimage.com/120x172.png/ff4444/ffffff',47),(707,'http://dummyimage.com/132x240.bmp/dddddd/000000',14),(708,'http://dummyimage.com/228x138.bmp/cc0000/ffffff',134),(709,'http://dummyimage.com/165x223.png/ff4444/ffffff',140),(710,'http://dummyimage.com/233x164.jpg/5fa2dd/ffffff',105),(711,'http://dummyimage.com/206x144.bmp/cc0000/ffffff',86),(712,'http://dummyimage.com/164x236.bmp/dddddd/000000',42),(713,'http://dummyimage.com/185x191.bmp/cc0000/ffffff',32),(714,'http://dummyimage.com/181x174.bmp/ff4444/ffffff',163),(715,'http://dummyimage.com/112x157.bmp/5fa2dd/ffffff',36),(716,'http://dummyimage.com/157x124.png/cc0000/ffffff',98),(717,'http://dummyimage.com/196x202.png/5fa2dd/ffffff',4),(718,'http://dummyimage.com/185x162.bmp/5fa2dd/ffffff',90),(719,'http://dummyimage.com/135x134.png/cc0000/ffffff',17),(720,'http://dummyimage.com/160x208.png/cc0000/ffffff',18),(721,'http://dummyimage.com/118x236.png/5fa2dd/ffffff',39),(722,'http://dummyimage.com/139x186.jpg/dddddd/000000',108),(723,'http://dummyimage.com/142x221.bmp/ff4444/ffffff',82),(724,'http://dummyimage.com/222x145.png/cc0000/ffffff',142),(725,'http://dummyimage.com/202x142.png/dddddd/000000',103),(726,'http://dummyimage.com/235x150.bmp/dddddd/000000',191),(727,'http://dummyimage.com/191x240.bmp/dddddd/000000',139),(728,'http://dummyimage.com/146x153.jpg/ff4444/ffffff',65),(729,'http://dummyimage.com/187x208.bmp/ff4444/ffffff',82),(730,'http://dummyimage.com/170x229.bmp/ff4444/ffffff',139),(731,'http://dummyimage.com/249x222.bmp/cc0000/ffffff',95),(732,'http://dummyimage.com/123x227.png/cc0000/ffffff',147),(733,'http://dummyimage.com/162x108.png/dddddd/000000',194),(734,'http://dummyimage.com/224x225.jpg/ff4444/ffffff',79),(735,'http://dummyimage.com/124x246.bmp/dddddd/000000',48),(736,'http://dummyimage.com/180x168.jpg/cc0000/ffffff',123),(737,'http://dummyimage.com/239x164.jpg/5fa2dd/ffffff',27),(738,'http://dummyimage.com/125x225.bmp/ff4444/ffffff',118),(739,'http://dummyimage.com/237x241.jpg/ff4444/ffffff',188),(740,'http://dummyimage.com/163x247.bmp/5fa2dd/ffffff',46),(741,'http://dummyimage.com/172x203.jpg/cc0000/ffffff',60),(742,'http://dummyimage.com/240x197.jpg/ff4444/ffffff',72),(743,'http://dummyimage.com/127x199.bmp/dddddd/000000',10),(744,'http://dummyimage.com/101x140.bmp/dddddd/000000',58),(745,'http://dummyimage.com/215x165.bmp/cc0000/ffffff',124),(746,'http://dummyimage.com/160x165.jpg/5fa2dd/ffffff',199),(747,'http://dummyimage.com/166x106.jpg/cc0000/ffffff',180),(748,'http://dummyimage.com/107x176.png/dddddd/000000',108),(749,'http://dummyimage.com/176x162.jpg/dddddd/000000',171),(750,'http://dummyimage.com/226x240.png/cc0000/ffffff',192),(751,'http://dummyimage.com/127x131.jpg/5fa2dd/ffffff',194),(752,'http://dummyimage.com/107x104.bmp/dddddd/000000',120),(753,'http://dummyimage.com/220x181.bmp/dddddd/000000',117),(754,'http://dummyimage.com/226x162.png/cc0000/ffffff',184),(755,'http://dummyimage.com/230x105.png/5fa2dd/ffffff',147),(756,'http://dummyimage.com/233x114.bmp/dddddd/000000',62),(757,'http://dummyimage.com/177x198.bmp/dddddd/000000',146),(758,'http://dummyimage.com/190x182.bmp/cc0000/ffffff',190),(759,'http://dummyimage.com/246x235.png/cc0000/ffffff',192),(760,'http://dummyimage.com/105x101.png/cc0000/ffffff',82),(761,'http://dummyimage.com/116x181.png/cc0000/ffffff',92),(762,'http://dummyimage.com/212x205.png/dddddd/000000',30),(763,'http://dummyimage.com/130x142.jpg/dddddd/000000',145),(764,'http://dummyimage.com/236x111.png/5fa2dd/ffffff',195),(765,'http://dummyimage.com/169x100.png/ff4444/ffffff',56),(766,'http://dummyimage.com/118x136.bmp/dddddd/000000',78),(767,'http://dummyimage.com/174x161.png/cc0000/ffffff',183),(768,'http://dummyimage.com/165x214.png/dddddd/000000',187),(769,'http://dummyimage.com/170x198.png/ff4444/ffffff',38),(770,'http://dummyimage.com/103x208.jpg/ff4444/ffffff',199),(771,'http://dummyimage.com/200x122.png/5fa2dd/ffffff',47),(772,'http://dummyimage.com/121x237.bmp/5fa2dd/ffffff',126),(773,'http://dummyimage.com/116x108.jpg/dddddd/000000',154),(774,'http://dummyimage.com/153x225.png/dddddd/000000',50),(775,'http://dummyimage.com/118x238.png/ff4444/ffffff',41),(776,'http://dummyimage.com/248x197.jpg/ff4444/ffffff',145),(777,'http://dummyimage.com/155x189.png/ff4444/ffffff',121),(778,'http://dummyimage.com/223x178.jpg/5fa2dd/ffffff',195),(779,'http://dummyimage.com/228x243.bmp/ff4444/ffffff',108),(780,'http://dummyimage.com/169x157.png/cc0000/ffffff',168),(781,'http://dummyimage.com/118x104.jpg/ff4444/ffffff',196),(782,'http://dummyimage.com/166x103.jpg/ff4444/ffffff',120),(783,'http://dummyimage.com/224x182.png/cc0000/ffffff',144),(784,'http://dummyimage.com/244x130.bmp/ff4444/ffffff',51),(785,'http://dummyimage.com/233x224.jpg/dddddd/000000',76),(786,'http://dummyimage.com/136x190.png/5fa2dd/ffffff',25),(787,'http://dummyimage.com/124x138.jpg/dddddd/000000',193),(788,'http://dummyimage.com/160x122.png/dddddd/000000',101),(789,'http://dummyimage.com/143x191.jpg/5fa2dd/ffffff',60),(790,'http://dummyimage.com/202x146.jpg/ff4444/ffffff',192),(791,'http://dummyimage.com/183x111.bmp/ff4444/ffffff',60),(792,'http://dummyimage.com/115x158.bmp/5fa2dd/ffffff',99),(793,'http://dummyimage.com/234x112.bmp/dddddd/000000',61),(794,'http://dummyimage.com/181x132.bmp/dddddd/000000',60),(795,'http://dummyimage.com/148x241.bmp/dddddd/000000',144),(796,'http://dummyimage.com/171x143.jpg/dddddd/000000',108),(797,'http://dummyimage.com/169x183.png/dddddd/000000',196),(798,'http://dummyimage.com/214x243.bmp/ff4444/ffffff',113),(799,'http://dummyimage.com/177x204.jpg/5fa2dd/ffffff',116),(800,'http://dummyimage.com/241x121.png/cc0000/ffffff',199),(801,'http://dummyimage.com/169x100.png/ff4444/ffffff',179),(802,'http://dummyimage.com/250x135.png/5fa2dd/ffffff',152),(803,'http://dummyimage.com/160x142.png/ff4444/ffffff',39),(804,'http://dummyimage.com/218x141.jpg/dddddd/000000',26),(805,'http://dummyimage.com/117x164.jpg/cc0000/ffffff',82),(806,'http://dummyimage.com/153x175.jpg/dddddd/000000',146),(807,'http://dummyimage.com/188x136.png/cc0000/ffffff',164),(808,'http://dummyimage.com/135x216.png/cc0000/ffffff',94),(809,'http://dummyimage.com/203x248.bmp/cc0000/ffffff',146),(810,'http://dummyimage.com/180x169.jpg/ff4444/ffffff',200),(811,'http://dummyimage.com/154x228.bmp/ff4444/ffffff',107),(812,'http://dummyimage.com/148x105.bmp/ff4444/ffffff',134),(813,'http://dummyimage.com/113x153.jpg/ff4444/ffffff',151),(814,'http://dummyimage.com/164x186.png/cc0000/ffffff',121),(815,'http://dummyimage.com/189x170.png/cc0000/ffffff',4),(816,'http://dummyimage.com/233x149.png/5fa2dd/ffffff',5),(817,'http://dummyimage.com/156x151.bmp/ff4444/ffffff',42),(818,'http://dummyimage.com/177x136.bmp/ff4444/ffffff',164),(819,'http://dummyimage.com/163x104.png/5fa2dd/ffffff',52),(820,'http://dummyimage.com/213x149.png/cc0000/ffffff',75),(821,'http://dummyimage.com/150x230.jpg/ff4444/ffffff',140),(822,'http://dummyimage.com/250x204.jpg/ff4444/ffffff',126),(823,'http://dummyimage.com/171x157.bmp/dddddd/000000',86),(824,'http://dummyimage.com/210x221.jpg/ff4444/ffffff',97),(825,'http://dummyimage.com/129x148.jpg/dddddd/000000',105),(826,'http://dummyimage.com/143x102.bmp/5fa2dd/ffffff',62),(827,'http://dummyimage.com/237x120.jpg/cc0000/ffffff',102),(828,'http://dummyimage.com/232x238.jpg/dddddd/000000',76),(829,'http://dummyimage.com/175x196.png/cc0000/ffffff',194),(830,'http://dummyimage.com/145x174.jpg/5fa2dd/ffffff',48),(831,'http://dummyimage.com/186x147.png/cc0000/ffffff',101),(832,'http://dummyimage.com/249x149.png/5fa2dd/ffffff',53),(833,'http://dummyimage.com/175x250.bmp/cc0000/ffffff',186),(834,'http://dummyimage.com/124x236.bmp/5fa2dd/ffffff',53),(835,'http://dummyimage.com/179x183.bmp/5fa2dd/ffffff',62),(836,'http://dummyimage.com/161x212.png/ff4444/ffffff',46),(837,'http://dummyimage.com/165x203.png/cc0000/ffffff',122),(838,'http://dummyimage.com/127x103.jpg/dddddd/000000',109),(839,'http://dummyimage.com/226x139.jpg/cc0000/ffffff',134),(840,'http://dummyimage.com/223x205.bmp/5fa2dd/ffffff',31),(841,'http://dummyimage.com/208x211.bmp/dddddd/000000',34),(842,'http://dummyimage.com/159x141.jpg/cc0000/ffffff',64),(843,'http://dummyimage.com/133x188.jpg/dddddd/000000',151),(844,'http://dummyimage.com/116x207.jpg/cc0000/ffffff',109),(845,'http://dummyimage.com/250x137.jpg/5fa2dd/ffffff',164),(846,'http://dummyimage.com/170x241.jpg/5fa2dd/ffffff',98),(847,'http://dummyimage.com/249x188.bmp/ff4444/ffffff',101),(848,'http://dummyimage.com/221x109.jpg/dddddd/000000',126),(849,'http://dummyimage.com/159x165.jpg/dddddd/000000',163),(850,'http://dummyimage.com/132x249.bmp/ff4444/ffffff',105),(851,'http://dummyimage.com/250x217.bmp/5fa2dd/ffffff',91),(852,'http://dummyimage.com/225x195.jpg/cc0000/ffffff',130),(853,'http://dummyimage.com/155x174.jpg/dddddd/000000',150),(854,'http://dummyimage.com/211x250.bmp/cc0000/ffffff',134),(855,'http://dummyimage.com/226x168.png/5fa2dd/ffffff',138),(856,'http://dummyimage.com/122x141.png/dddddd/000000',22),(857,'http://dummyimage.com/187x181.bmp/dddddd/000000',128),(858,'http://dummyimage.com/203x239.png/5fa2dd/ffffff',88),(859,'http://dummyimage.com/168x191.jpg/cc0000/ffffff',29),(860,'http://dummyimage.com/106x214.jpg/ff4444/ffffff',38),(861,'http://dummyimage.com/127x175.png/ff4444/ffffff',75),(862,'http://dummyimage.com/246x215.jpg/cc0000/ffffff',10),(863,'http://dummyimage.com/193x102.bmp/dddddd/000000',81),(864,'http://dummyimage.com/175x179.bmp/cc0000/ffffff',39),(865,'http://dummyimage.com/224x129.png/ff4444/ffffff',89),(866,'http://dummyimage.com/119x148.png/dddddd/000000',45),(867,'http://dummyimage.com/248x106.bmp/cc0000/ffffff',185),(868,'http://dummyimage.com/152x213.png/dddddd/000000',58),(869,'http://dummyimage.com/189x189.jpg/cc0000/ffffff',152),(870,'http://dummyimage.com/133x248.jpg/5fa2dd/ffffff',60),(871,'http://dummyimage.com/126x188.bmp/ff4444/ffffff',66),(872,'http://dummyimage.com/143x105.png/dddddd/000000',128),(873,'http://dummyimage.com/162x125.jpg/ff4444/ffffff',197),(874,'http://dummyimage.com/178x157.bmp/5fa2dd/ffffff',90),(875,'http://dummyimage.com/165x119.jpg/5fa2dd/ffffff',80),(876,'http://dummyimage.com/198x180.png/dddddd/000000',29),(877,'http://dummyimage.com/178x144.png/cc0000/ffffff',43),(878,'http://dummyimage.com/189x236.bmp/ff4444/ffffff',144),(879,'http://dummyimage.com/235x240.png/ff4444/ffffff',154),(880,'http://dummyimage.com/181x221.jpg/cc0000/ffffff',2),(881,'http://dummyimage.com/209x114.bmp/5fa2dd/ffffff',176),(882,'http://dummyimage.com/139x184.png/dddddd/000000',177),(883,'http://dummyimage.com/149x148.png/ff4444/ffffff',77),(884,'http://dummyimage.com/121x145.bmp/ff4444/ffffff',187),(885,'http://dummyimage.com/164x148.png/cc0000/ffffff',144),(886,'http://dummyimage.com/176x147.jpg/dddddd/000000',72),(887,'http://dummyimage.com/148x109.jpg/5fa2dd/ffffff',150),(888,'http://dummyimage.com/193x107.jpg/ff4444/ffffff',192),(889,'http://dummyimage.com/212x239.png/ff4444/ffffff',1),(890,'http://dummyimage.com/124x141.bmp/cc0000/ffffff',116),(891,'http://dummyimage.com/179x241.bmp/5fa2dd/ffffff',60),(892,'http://dummyimage.com/148x171.jpg/dddddd/000000',21),(893,'http://dummyimage.com/167x120.png/ff4444/ffffff',200),(894,'http://dummyimage.com/127x193.jpg/ff4444/ffffff',126),(895,'http://dummyimage.com/159x150.jpg/5fa2dd/ffffff',48),(896,'http://dummyimage.com/112x178.jpg/cc0000/ffffff',1),(897,'http://dummyimage.com/217x233.jpg/cc0000/ffffff',144),(898,'http://dummyimage.com/105x206.png/cc0000/ffffff',160),(899,'http://dummyimage.com/220x247.bmp/dddddd/000000',39),(900,'http://dummyimage.com/148x227.bmp/ff4444/ffffff',123),(901,'http://dummyimage.com/177x113.png/ff4444/ffffff',151),(902,'http://dummyimage.com/153x171.jpg/ff4444/ffffff',94),(903,'http://dummyimage.com/102x113.jpg/5fa2dd/ffffff',51),(904,'http://dummyimage.com/204x121.png/cc0000/ffffff',68),(905,'http://dummyimage.com/193x133.jpg/5fa2dd/ffffff',81),(906,'http://dummyimage.com/135x112.bmp/ff4444/ffffff',63),(907,'http://dummyimage.com/110x166.jpg/dddddd/000000',103),(908,'http://dummyimage.com/107x238.bmp/cc0000/ffffff',58),(909,'http://dummyimage.com/225x185.png/ff4444/ffffff',127),(910,'http://dummyimage.com/105x101.bmp/ff4444/ffffff',72),(911,'http://dummyimage.com/236x248.bmp/cc0000/ffffff',132),(912,'http://dummyimage.com/190x187.jpg/ff4444/ffffff',164),(913,'http://dummyimage.com/188x126.bmp/dddddd/000000',135),(914,'http://dummyimage.com/222x228.png/5fa2dd/ffffff',10),(915,'http://dummyimage.com/201x180.bmp/dddddd/000000',132),(916,'http://dummyimage.com/211x128.jpg/ff4444/ffffff',34),(917,'http://dummyimage.com/148x180.bmp/ff4444/ffffff',141),(918,'http://dummyimage.com/170x217.jpg/ff4444/ffffff',48),(919,'http://dummyimage.com/206x175.png/dddddd/000000',94),(920,'http://dummyimage.com/219x189.bmp/ff4444/ffffff',184),(921,'http://dummyimage.com/184x247.png/5fa2dd/ffffff',63),(922,'http://dummyimage.com/186x131.jpg/5fa2dd/ffffff',120),(923,'http://dummyimage.com/135x169.bmp/cc0000/ffffff',35),(924,'http://dummyimage.com/134x166.bmp/dddddd/000000',195),(925,'http://dummyimage.com/228x170.png/dddddd/000000',149),(926,'http://dummyimage.com/110x105.jpg/5fa2dd/ffffff',147),(927,'http://dummyimage.com/135x196.jpg/ff4444/ffffff',176),(928,'http://dummyimage.com/154x191.png/dddddd/000000',169),(929,'http://dummyimage.com/145x161.jpg/5fa2dd/ffffff',186),(930,'http://dummyimage.com/172x187.jpg/dddddd/000000',65),(931,'http://dummyimage.com/134x114.bmp/ff4444/ffffff',55),(932,'http://dummyimage.com/223x233.bmp/cc0000/ffffff',44),(933,'http://dummyimage.com/235x146.bmp/dddddd/000000',29),(934,'http://dummyimage.com/234x238.png/cc0000/ffffff',84),(935,'http://dummyimage.com/119x133.bmp/cc0000/ffffff',150),(936,'http://dummyimage.com/101x130.png/ff4444/ffffff',70),(937,'http://dummyimage.com/119x156.png/cc0000/ffffff',44),(938,'http://dummyimage.com/183x183.jpg/cc0000/ffffff',27),(939,'http://dummyimage.com/135x219.png/cc0000/ffffff',141),(940,'http://dummyimage.com/102x104.bmp/cc0000/ffffff',179),(941,'http://dummyimage.com/186x203.jpg/5fa2dd/ffffff',71),(942,'http://dummyimage.com/158x143.jpg/cc0000/ffffff',128),(943,'http://dummyimage.com/175x155.bmp/cc0000/ffffff',56),(944,'http://dummyimage.com/148x150.jpg/cc0000/ffffff',151),(945,'http://dummyimage.com/207x162.bmp/5fa2dd/ffffff',180),(946,'http://dummyimage.com/110x197.bmp/ff4444/ffffff',34),(947,'http://dummyimage.com/171x104.png/cc0000/ffffff',10),(948,'http://dummyimage.com/220x157.png/dddddd/000000',3),(949,'http://dummyimage.com/122x120.jpg/ff4444/ffffff',19),(950,'http://dummyimage.com/248x155.png/dddddd/000000',136),(951,'http://dummyimage.com/231x220.png/cc0000/ffffff',84),(952,'http://dummyimage.com/124x215.png/ff4444/ffffff',47),(953,'http://dummyimage.com/236x149.jpg/5fa2dd/ffffff',34),(954,'http://dummyimage.com/217x242.bmp/ff4444/ffffff',28),(955,'http://dummyimage.com/154x180.png/dddddd/000000',105),(956,'http://dummyimage.com/140x145.bmp/ff4444/ffffff',176),(957,'http://dummyimage.com/249x244.bmp/dddddd/000000',174),(958,'http://dummyimage.com/113x113.bmp/5fa2dd/ffffff',17),(959,'http://dummyimage.com/234x142.bmp/dddddd/000000',146),(960,'http://dummyimage.com/105x222.png/dddddd/000000',39),(961,'http://dummyimage.com/239x157.png/ff4444/ffffff',39),(962,'http://dummyimage.com/107x221.jpg/5fa2dd/ffffff',138),(963,'http://dummyimage.com/220x169.jpg/cc0000/ffffff',94),(964,'http://dummyimage.com/114x106.png/ff4444/ffffff',168),(965,'http://dummyimage.com/229x160.png/ff4444/ffffff',165),(966,'http://dummyimage.com/218x228.bmp/cc0000/ffffff',97),(967,'http://dummyimage.com/168x186.png/cc0000/ffffff',56),(968,'http://dummyimage.com/165x202.bmp/ff4444/ffffff',138),(969,'http://dummyimage.com/156x101.jpg/dddddd/000000',13),(970,'http://dummyimage.com/199x189.bmp/ff4444/ffffff',116),(971,'http://dummyimage.com/119x230.png/cc0000/ffffff',87),(972,'http://dummyimage.com/185x129.png/ff4444/ffffff',141),(973,'http://dummyimage.com/125x162.bmp/ff4444/ffffff',191),(974,'http://dummyimage.com/125x226.bmp/ff4444/ffffff',179),(975,'http://dummyimage.com/163x156.png/dddddd/000000',41),(976,'http://dummyimage.com/223x180.bmp/5fa2dd/ffffff',112),(977,'http://dummyimage.com/149x223.jpg/ff4444/ffffff',100),(978,'http://dummyimage.com/137x194.png/cc0000/ffffff',136),(979,'http://dummyimage.com/106x102.bmp/5fa2dd/ffffff',146),(980,'http://dummyimage.com/206x115.png/ff4444/ffffff',158),(981,'http://dummyimage.com/196x230.jpg/ff4444/ffffff',50),(982,'http://dummyimage.com/128x212.png/ff4444/ffffff',11),(983,'http://dummyimage.com/105x189.png/dddddd/000000',107),(984,'http://dummyimage.com/209x172.bmp/cc0000/ffffff',9),(985,'http://dummyimage.com/147x231.png/cc0000/ffffff',131),(986,'http://dummyimage.com/227x182.bmp/dddddd/000000',58),(987,'http://dummyimage.com/210x137.jpg/5fa2dd/ffffff',95),(988,'http://dummyimage.com/133x116.jpg/ff4444/ffffff',113),(989,'http://dummyimage.com/231x151.png/dddddd/000000',39),(990,'http://dummyimage.com/246x121.jpg/cc0000/ffffff',119),(991,'http://dummyimage.com/209x247.jpg/5fa2dd/ffffff',36),(992,'http://dummyimage.com/229x177.png/5fa2dd/ffffff',49),(993,'http://dummyimage.com/250x211.png/5fa2dd/ffffff',58),(994,'http://dummyimage.com/242x203.jpg/dddddd/000000',169),(995,'http://dummyimage.com/188x228.jpg/ff4444/ffffff',72),(996,'http://dummyimage.com/213x108.png/dddddd/000000',51),(997,'http://dummyimage.com/215x135.bmp/dddddd/000000',25),(998,'http://dummyimage.com/128x193.png/5fa2dd/ffffff',151),(999,'http://dummyimage.com/232x242.bmp/ff4444/ffffff',122),(1000,'http://dummyimage.com/189x181.png/cc0000/ffffff',20);
/*!40000 ALTER TABLE `posters` ENABLE KEYS */;
UNLOCK TABLES;

--
-- Table structure for table `productioncompanies`
--

DROP TABLE IF EXISTS `productioncompanies`;
/*!40101 SET @saved_cs_client     = @@character_set_client */;
/*!50503 SET character_set_client = utf8mb4 */;
CREATE TABLE `productioncompanies` (
  `ProductionCompany_id` int NOT NULL AUTO_INCREMENT,
  `ProductionCompany_Name` varchar(45) NOT NULL,
  `ProductionCompany_ContactInfo` int DEFAULT NULL,
  PRIMARY KEY (`ProductionCompany_id`),
  KEY `fk_ProductionCompanies_ContactInfo1_idx` (`ProductionCompany_ContactInfo`),
  CONSTRAINT `fk_ProductionCompanies_ContactInfo1` FOREIGN KEY (`ProductionCompany_ContactInfo`) REFERENCES `contactinfo` (`ContactInfo_id`) ON DELETE RESTRICT ON UPDATE RESTRICT
) ENGINE=InnoDB AUTO_INCREMENT=201 DEFAULT CHARSET=utf8;
/*!40101 SET character_set_client = @saved_cs_client */;

--
-- Dumping data for table `productioncompanies`
--

LOCK TABLES `productioncompanies` WRITE;
/*!40000 ALTER TABLE `productioncompanies` DISABLE KEYS */;
INSERT INTO `productioncompanies` VALUES (1,'Kuvalis and Sons',1001),(2,'Ebert, Gusikowski and Auer',1002),(3,'Douglas-Crona',1003),(4,'Ernser and Sons',1004),(5,'Sporer LLC',1005),(6,'Champlin, Senger and Heller',1006),(7,'Thompson-Crooks',1007),(8,'Blick, Dicki and Toy',1008),(9,'Schaefer Inc',1009),(10,'Hagenes-Hickle',1010),(11,'Prohaska-Dibbert',1011),(12,'Streich-Simonis',1012),(13,'Pfeffer, Hodkiewicz and Jakubowski',1013),(14,'Feil, Kertzmann and Swaniawski',1014),(15,'McKenzie Group',1015),(16,'Hansen, Prohaska and Kilback',1016),(17,'Kuhlman-Heidenreich',1017),(18,'Hauck Inc',1018),(19,'Kling-Larkin',1019),(20,'Feest LLC',1020),(21,'Padberg-Wilderman',1021),(22,'Block, Altenwerth and Lind',1022),(23,'Kuhn, Renner and Zboncak',1023),(24,'Green-Lesch',1024),(25,'Funk, Leannon and Ward',1025),(26,'Considine, Collins and Stark',1026),(27,'Gaylord, Turcotte and Larkin',1027),(28,'Mills-Grant',1028),(29,'Ernser, Stokes and White',1029),(30,'Stark-Ritchie',1030),(31,'Hartmann and Sons',1031),(32,'Russel, Lueilwitz and Jacobi',1032),(33,'Corwin, Jerde and Lindgren',1033),(34,'Orn-Johnson',1034),(35,'Greenfelder-Miller',1035),(36,'Spencer-Walker',1036),(37,'Bartell, Ondricka and Hermann',1037),(38,'Abshire Inc',1038),(39,'Mayert, Rohan and Quitzon',1039),(40,'Ebert Group',1040),(41,'Moen, Balistreri and Carter',1041),(42,'Mann Inc',1042),(43,'Gorczany, Senger and Durgan',1043),(44,'Roberts-Huel',1044),(45,'Gleason, Ward and Volkman',1045),(46,'Skiles-Schowalter',1046),(47,'Weissnat-Marks',1047),(48,'O\'Keefe-Bartoletti',1048),(49,'Von Group',1049),(50,'Batz-Howell',1050),(51,'Tillman Inc',1051),(52,'Thiel Group',1052),(53,'Zulauf-Baumbach',1053),(54,'Gutkowski-Bosco',1054),(55,'Feil and Sons',1055),(56,'West-Predovic',1056),(57,'Kirlin, Torp and Bergnaum',1057),(58,'Osinski, Heller and Zemlak',1058),(59,'Little-Crist',1059),(60,'Schmitt, Kuhic and Simonis',1060),(61,'Kiehn Group',1061),(62,'Crona, Yost and Krajcik',1062),(63,'Mosciski LLC',1063),(64,'Schultz-Schumm',1064),(65,'Schmitt-Willms',1065),(66,'Upton Inc',1066),(67,'Mann-Ondricka',1067),(68,'Ryan-Spencer',1068),(69,'Brown and Sons',1069),(70,'Hackett, Schowalter and Hahn',1070),(71,'Bartoletti-Wilkinson',1071),(72,'Hamill-Langworth',1072),(73,'Powlowski Inc',1073),(74,'Fahey LLC',1074),(75,'Bernier Inc',1075),(76,'Lockman, Ankunding and Christiansen',1076),(77,'Vandervort-Gerlach',1077),(78,'Skiles-Nicolas',1078),(79,'Anderson LLC',1079),(80,'Mohr-Witting',1080),(81,'Pagac and Sons',1081),(82,'Wunsch-Greenholt',1082),(83,'Auer, Baumbach and Ziemann',1083),(84,'Fisher, Okuneva and Emard',1084),(85,'Turner, Conn and Jacobs',1085),(86,'Krajcik, Fritsch and Ferry',1086),(87,'White-Carroll',1087),(88,'Renner, Kub and Kihn',1088),(89,'Franecki, Rowe and Hoppe',1089),(90,'Legros, Dickens and Erdman',1090),(91,'Wisoky LLC',1091),(92,'Glover LLC',1092),(93,'Kutch, Schuster and Macejkovic',1093),(94,'Armstrong-Streich',1094),(95,'Sporer Group',1095),(96,'Mante, Balistreri and Padberg',1096),(97,'Haley LLC',1097),(98,'Halvorson LLC',1098),(99,'Green-Hudson',1099),(100,'O\'Keefe, Kshlerin and Waters',1100),(101,'Rogahn, Littel and Volkman',1101),(102,'Hauck-Luettgen',1102),(103,'Oberbrunner LLC',1103),(104,'Beier-Terry',1104),(105,'Casper LLC',1105),(106,'Thompson Inc',1106),(107,'Yundt and Sons',1107),(108,'Legros, Douglas and Marks',1108),(109,'Weber-Hahn',1109),(110,'Auer-Donnelly',1110),(111,'Donnelly-Hilll',1111),(112,'Conroy-Lang',1112),(113,'Nikolaus Group',1113),(114,'Douglas-Jast',1114),(115,'Predovic, Jerde and Thiel',1115),(116,'Maggio, Treutel and Gorczany',1116),(117,'Weber, Dicki and Terry',1117),(118,'Morissette-Rosenbaum',1118),(119,'Macejkovic and Sons',1119),(120,'Anderson, Hintz and Torp',1120),(121,'Gerlach-Friesen',1121),(122,'Heaney, Walker and Hills',1122),(123,'Spencer, Smith and Cartwright',1123),(124,'Bergnaum Group',1124),(125,'Wisoky, Dibbert and Gaylord',1125),(126,'DuBuque-Feil',1126),(127,'Hayes Inc',1127),(128,'Renner-Veum',1128),(129,'Lehner, Smitham and Fisher',1129),(130,'Gottlieb-Bradtke',1130),(131,'Spinka Group',1131),(132,'Kihn Group',1132),(133,'Green, Sauer and Spencer',1133),(134,'Jakubowski Inc',1134),(135,'Conn-Heaney',1135),(136,'Nader, Lesch and Jaskolski',1136),(137,'Davis-Klocko',1137),(138,'Jacobs, Connelly and Schultz',1138),(139,'Mertz-Crooks',1139),(140,'Reilly, Deckow and O\'Conner',1140),(141,'Connelly-Stehr',1141),(142,'Krajcik, Cassin and Mosciski',1142),(143,'Hoppe-Ernser',1143),(144,'Shields-Kulas',1144),(145,'Schiller, Paucek and Fritsch',1145),(146,'Kuphal-King',1146),(147,'Kunde, Rodriguez and Hoeger',1147),(148,'Kirlin, Bogan and Bogisich',1148),(149,'Sporer, Luettgen and Miller',1149),(150,'McLaughlin and Sons',1150),(151,'Upton Group',1151),(152,'Pagac-Witting',1152),(153,'Funk, Walter and Altenwerth',1153),(154,'Fay-Dickinson',1154),(155,'Gleichner-Bartoletti',1155),(156,'Brekke, Sporer and Adams',1156),(157,'Schneider, O\'Hara and Tillman',1157),(158,'Gleason-Bernier',1158),(159,'Goodwin-Shields',1159),(160,'Braun, Stokes and Paucek',1160),(161,'Osinski, Dickens and Swift',1161),(162,'Lueilwitz and Sons',1162),(163,'Schroeder-Morissette',1163),(164,'Cummings-Sanford',1164),(165,'Kemmer-Osinski',1165),(166,'Walter LLC',1166),(167,'Yundt, Corwin and Bernhard',1167),(168,'Smith-Gusikowski',1168),(169,'Bartoletti, Klein and Mayer',1169),(170,'Strosin-Hauck',1170),(171,'Mertz, Bernier and Bauch',1171),(172,'Stoltenberg, Waelchi and Sanford',1172),(173,'Heathcote Group',1173),(174,'Treutel, Dickinson and Ratke',1174),(175,'Lowe-Bayer',1175),(176,'Hoeger Group',1176),(177,'Hintz-Becker',1177),(178,'Conn and Sons',1178),(179,'Hyatt, Purdy and Hegmann',1179),(180,'Roob and Sons',1180),(181,'Jones Group',1181),(182,'Harvey Inc',1182),(183,'Murazik-Johns',1183),(184,'Gleason-Lesch',1184),(185,'Runte-Trantow',1185),(186,'Powlowski LLC',1186),(187,'Bogisich Inc',1187),(188,'Shanahan LLC',1188),(189,'Stamm-Rowe',1189),(190,'Toy LLC',1190),(191,'Sporer and Sons',1191),(192,'Effertz-Pollich',1192),(193,'McKenzie-Barrows',1193),(194,'Auer, Mueller and Collier',1194),(195,'Senger, Schroeder and Braun',1195),(196,'Purdy and Sons',1196),(197,'Daniel-Hilpert',1197),(198,'Reilly, Labadie and Hayes',1198),(199,'Luettgen LLC',1199),(200,'Stehr and Sons',1200);
/*!40000 ALTER TABLE `productioncompanies` ENABLE KEYS */;
UNLOCK TABLES;

--
-- Table structure for table `trailers`
--

DROP TABLE IF EXISTS `trailers`;
/*!40101 SET @saved_cs_client     = @@character_set_client */;
/*!50503 SET character_set_client = utf8mb4 */;
CREATE TABLE `trailers` (
  `Trailer_id` int NOT NULL AUTO_INCREMENT,
  `Trailer_Url` varchar(45) NOT NULL,
  `Trailer_Movie_id` int NOT NULL,
  PRIMARY KEY (`Trailer_id`),
  KEY `fk_Trailers_Movies1_idx` (`Trailer_Movie_id`),
  CONSTRAINT `fk_Trailers_Movies1` FOREIGN KEY (`Trailer_Movie_id`) REFERENCES `movies` (`Movie_id`) ON DELETE RESTRICT ON UPDATE RESTRICT
) ENGINE=InnoDB AUTO_INCREMENT=201 DEFAULT CHARSET=utf8;
/*!40101 SET character_set_client = @saved_cs_client */;

--
-- Dumping data for table `trailers`
--

LOCK TABLES `trailers` WRITE;
/*!40000 ALTER TABLE `trailers` DISABLE KEYS */;
INSERT INTO `trailers` VALUES (1,'metus.mp3',165),(2,'quis_turpis_eget.mp3',114),(3,'vestibulum_quam.mov',131),(4,'enim_lorem.mov',58),(5,'lectus.mp3',77),(6,'rutrum_neque_aenean.mp3',59),(7,'sed_tristique_in.avi',103),(8,'ante_ipsum.mpeg',165),(9,'luctus_tincidunt_nulla.mp3',35),(10,'venenatis.avi',165),(11,'vel_enim_sit.mov',188),(12,'id.mp3',121),(13,'aliquam.mp3',18),(14,'justo.mp3',56),(15,'ullamcorper.mpeg',144),(16,'erat.mp3',51),(17,'nisl_duis.mp3',106),(18,'tincidunt.mp3',18),(19,'nulla.mpeg',97),(20,'vulputate_luctus_cum.mp3',106),(21,'sed_magna_at.avi',77),(22,'ipsum.mp3',90),(23,'eget.avi',106),(24,'consequat_metus.avi',127),(25,'condimentum_id_luctus.mp3',31),(26,'felis.mp3',150),(27,'mi_integer_ac.avi',27),(28,'lobortis.avi',152),(29,'sit_amet_sem.mpeg',124),(30,'sed_tristique_in.avi',91),(31,'amet_nunc.mp3',161),(32,'congue_diam_id.avi',49),(33,'eu_nibh_quisque.avi',156),(34,'donec.avi',134),(35,'phasellus_id.mov',9),(36,'justo_morbi_ut.mp3',165),(37,'risus_auctor.avi',113),(38,'orci.mp3',69),(39,'vulputate_ut.mov',13),(40,'nulla_nunc_purus.mp3',65),(41,'ipsum_dolor_sit.avi',134),(42,'rutrum_at.mov',174),(43,'nascetur_ridiculus_mus.avi',24),(44,'phasellus_id_sapien.mpeg',169),(45,'sollicitudin.mp3',59),(46,'cubilia.avi',109),(47,'orci.avi',162),(48,'tempus.mp3',37),(49,'at_nulla.avi',157),(50,'sed.mpeg',45),(51,'vel_enim.mp3',129),(52,'tellus.mpeg',4),(53,'orci_luctus.mp3',187),(54,'libero_quis_orci.mp3',113),(55,'elementum_nullam.mp3',16),(56,'libero_nam.mpeg',171),(57,'nullam_porttitor.avi',121),(58,'duis_consequat.mp3',72),(59,'neque.mp3',179),(60,'lobortis.avi',6),(61,'felis_sed_lacus.mp3',41),(62,'urna.mov',35),(63,'posuere_nonummy.mov',23),(64,'enim_lorem_ipsum.avi',191),(65,'massa.mp3',138),(66,'id_mauris_vulputate.avi',144),(67,'pretium_iaculis.mov',155),(68,'rutrum_rutrum_neque.avi',178),(69,'sit_amet_eleifend.avi',164),(70,'arcu_sed_augue.mpeg',43),(71,'justo.mp3',105),(72,'sit_amet_diam.avi',132),(73,'consequat_lectus.avi',158),(74,'vel.avi',70),(75,'donec_dapibus.mp3',116),(76,'elit_sodales.mp3',20),(77,'est_congue.mp3',107),(78,'libero_rutrum_ac.avi',86),(79,'pellentesque_ultrices_phasellus.mp3',164),(80,'dui_maecenas_tristique.avi',6),(81,'amet_lobortis_sapien.mov',151),(82,'in_eleifend_quam.avi',60),(83,'ut_mauris.mp3',92),(84,'duis_mattis_egestas.mp3',60),(85,'id_sapien_in.avi',168),(86,'lectus_vestibulum_quam.mp3',116),(87,'venenatis.avi',187),(88,'amet_diam.mov',177),(89,'vivamus_tortor.mp3',94),(90,'vulputate_luctus_cum.avi',89),(91,'quam_sollicitudin_vitae.avi',11),(92,'amet_eros.avi',174),(93,'nisl_duis.mov',171),(94,'ipsum.mp3',160),(95,'nunc.avi',190),(96,'cubilia_curae_nulla.mp3',174),(97,'eget.mp3',93),(98,'quis_odio_consequat.mp3',107),(99,'blandit_ultrices.mp3',47),(100,'imperdiet_sapien.avi',89),(101,'in_faucibus_orci.avi',93),(102,'posuere_cubilia_curae.avi',167),(103,'lacinia_aenean_sit.mp3',117),(104,'posuere_cubilia.mov',15),(105,'pharetra_magna_vestibulum.mov',29),(106,'nulla.mp3',139),(107,'amet_consectetuer.avi',7),(108,'luctus_et_ultrices.mov',141),(109,'volutpat.mp3',23),(110,'tortor_risus.avi',161),(111,'dapibus_nulla_suscipit.mp3',22),(112,'justo_in.mp3',161),(113,'amet.mp3',155),(114,'cum_sociis_natoque.mov',178),(115,'metus.avi',108),(116,'vestibulum_sit.mp3',146),(117,'lobortis.avi',61),(118,'primis_in.mp3',71),(119,'amet.mp3',43),(120,'tortor_id_nulla.avi',140),(121,'in_hac_habitasse.avi',173),(122,'eu.avi',84),(123,'ultrices_posuere_cubilia.mp3',135),(124,'ridiculus.mov',163),(125,'id_justo_sit.avi',4),(126,'eget_tincidunt.avi',88),(127,'in_tempus_sit.avi',172),(128,'ante_nulla_justo.avi',38),(129,'aenean.mov',137),(130,'ac.mp3',59),(131,'tempus.mp3',38),(132,'nulla_nunc.mp3',13),(133,'odio_condimentum_id.mov',137),(134,'sem_praesent_id.mpeg',144),(135,'ac_est_lacinia.mpeg',155),(136,'suscipit_nulla.avi',198),(137,'tempor_turpis_nec.mpeg',7),(138,'quam.mpeg',90),(139,'duis.avi',81),(140,'massa_volutpat.avi',46),(141,'neque_libero.mpeg',87),(142,'dictumst_morbi_vestibulum.mov',92),(143,'laoreet_ut_rhoncus.mov',40),(144,'mus.mp3',4),(145,'in_congue.avi',157),(146,'ac_leo.avi',123),(147,'diam.avi',184),(148,'maecenas_leo_odio.avi',100),(149,'cras_pellentesque_volutpat.mpeg',106),(150,'blandit_mi.mp3',173),(151,'est_congue.mov',61),(152,'in.avi',161),(153,'felis_ut_at.avi',145),(154,'nulla.avi',47),(155,'montes_nascetur.mp3',119),(156,'sapien_ut_nunc.mp3',24),(157,'posuere.mp3',120),(158,'eu.avi',53),(159,'ornare.avi',146),(160,'vulputate.mp3',109),(161,'et.mp3',124),(162,'pede.avi',49),(163,'ante_ipsum.mp3',49),(164,'rhoncus_sed.mp3',181),(165,'elit_proin.avi',64),(166,'et_magnis.mp3',30),(167,'lectus.avi',69),(168,'nam_dui_proin.avi',172),(169,'metus_sapien.avi',164),(170,'adipiscing.mp3',96),(171,'lectus_suspendisse.mp3',194),(172,'massa_tempor.mp3',138),(173,'maecenas_rhoncus.mpeg',17),(174,'sapien.mp3',137),(175,'augue_vestibulum_rutrum.avi',71),(176,'est_lacinia.mp3',50),(177,'sem_fusce.avi',148),(178,'praesent_blandit_lacinia.avi',157),(179,'erat_fermentum_justo.mpeg',141),(180,'mauris.mp3',155),(181,'libero_ut_massa.mpeg',173),(182,'duis_mattis.avi',52),(183,'venenatis_turpis.mov',198),(184,'cum_sociis_natoque.mov',88),(185,'eleifend_quam_a.avi',73),(186,'sit.mpeg',85),(187,'mi_nulla_ac.mp3',76),(188,'consequat.mp3',140),(189,'nunc_vestibulum.avi',163),(190,'pede_morbi_porttitor.mp3',132),(191,'aenean_auctor.mov',153),(192,'rhoncus.mp3',69),(193,'proin.avi',38),(194,'id_consequat_in.mp3',81),(195,'et.avi',66),(196,'pretium_nisl.avi',154),(197,'libero_nullam.mp3',67),(198,'sit_amet.avi',145),(199,'ornare_consequat_lectus.avi',94),(200,'parturient_montes_nascetur.avi',181);
/*!40000 ALTER TABLE `trailers` ENABLE KEYS */;
UNLOCK TABLES;

--
-- Final view structure for view `actors_view`
--

/*!50001 DROP VIEW IF EXISTS `actors_view`*/;
/*!50001 SET @saved_cs_client          = @@character_set_client */;
/*!50001 SET @saved_cs_results         = @@character_set_results */;
/*!50001 SET @saved_col_connection     = @@collation_connection */;
/*!50001 SET character_set_client      = utf8mb4 */;
/*!50001 SET character_set_results     = utf8mb4 */;
/*!50001 SET collation_connection      = utf8mb4_0900_ai_ci */;
/*!50001 CREATE ALGORITHM=UNDEFINED */
/*!50013 DEFINER=`root`@`localhost` SQL SECURITY DEFINER */
/*!50001 VIEW `actors_view` AS select `persondata`.`PersonData_FirstName` AS `First name`,`persondata`.`PersonData_LastName` AS `Last name`,`persondata`.`PersonData_Gender` AS `Gender`,`persondata`.`PersonData_BirthDate` AS `Birthdate`,`persondata`.`PersonData_Married` AS `Married` from (`persondata` join `characters` on((`characters`.`Character_id` = `persondata`.`PersonData_id`))) order by `persondata`.`PersonData_FirstName` */;
/*!50001 SET character_set_client      = @saved_cs_client */;
/*!50001 SET character_set_results     = @saved_cs_results */;
/*!50001 SET collation_connection      = @saved_col_connection */;

--
-- Final view structure for view `directors_view`
--

/*!50001 DROP VIEW IF EXISTS `directors_view`*/;
/*!50001 SET @saved_cs_client          = @@character_set_client */;
/*!50001 SET @saved_cs_results         = @@character_set_results */;
/*!50001 SET @saved_col_connection     = @@collation_connection */;
/*!50001 SET character_set_client      = utf8mb4 */;
/*!50001 SET character_set_results     = utf8mb4 */;
/*!50001 SET collation_connection      = utf8mb4_0900_ai_ci */;
/*!50001 CREATE ALGORITHM=UNDEFINED */
/*!50013 DEFINER=`root`@`localhost` SQL SECURITY DEFINER */
/*!50001 VIEW `directors_view` AS select `persondata`.`PersonData_FirstName` AS `First name`,`persondata`.`PersonData_LastName` AS `Last name`,`persondata`.`PersonData_Gender` AS `Gender`,`persondata`.`PersonData_BirthDate` AS `Birthdate`,`persondata`.`PersonData_Married` AS `Married` from (`persondata` join `directors` on((`directors`.`Directors_PersonData_id` = `persondata`.`PersonData_id`))) order by `persondata`.`PersonData_FirstName` */;
/*!50001 SET character_set_client      = @saved_cs_client */;
/*!50001 SET character_set_results     = @saved_cs_results */;
/*!50001 SET collation_connection      = @saved_col_connection */;

--
-- Final view structure for view `full_view`
--

/*!50001 DROP VIEW IF EXISTS `full_view`*/;
/*!50001 SET @saved_cs_client          = @@character_set_client */;
/*!50001 SET @saved_cs_results         = @@character_set_results */;
/*!50001 SET @saved_col_connection     = @@collation_connection */;
/*!50001 SET character_set_client      = utf8mb4 */;
/*!50001 SET character_set_results     = utf8mb4 */;
/*!50001 SET collation_connection      = utf8mb4_0900_ai_ci */;
/*!50001 CREATE ALGORITHM=UNDEFINED */
/*!50013 DEFINER=`root`@`localhost` SQL SECURITY DEFINER */
/*!50001 VIEW `full_view` AS select `movies`.`Movie_id` AS `Movie_id`,`movies`.`Movie_Title` AS `Movie_Title`,`movies`.`Movie_Length` AS `Movie_Length`,`movies`.`Movie_Year` AS `Movie_Year`,`movies`.`Movie_Rating` AS `Movie_Rating`,`movies`.`Movie_Genre` AS `Movie_Genre`,`movies`.`Movie_Description` AS `Movie_Description`,`movies`.`Movie_ProductionCompany` AS `Movie_ProductionCompany`,`movies_has_characters`.`Movies_has_Characters_Movie_id` AS `Movies_has_Characters_Movie_id`,`movies_has_characters`.`Movies_has_Characters_Character_id` AS `Movies_has_Characters_Character_id`,`trailers`.`Trailer_id` AS `Trailer_id`,`trailers`.`Trailer_Url` AS `Trailer_Url`,`trailers`.`Trailer_Movie_id` AS `Trailer_Movie_id`,`posters`.`Poster_id` AS `Poster_id`,`posters`.`Poster_Url` AS `Poster_Url`,`posters`.`Poster_Movie_id` AS `Poster_Movie_id`,`languages`.`Language_id` AS `Language_id`,`languages`.`Language_Name` AS `Language_Name`,`languages`.`Language_Movie_id` AS `Language_Movie_id`,`productioncompanies`.`ProductionCompany_id` AS `ProductionCompany_id`,`productioncompanies`.`ProductionCompany_Name` AS `ProductionCompany_Name`,`productioncompanies`.`ProductionCompany_ContactInfo` AS `ProductionCompany_ContactInfo`,`directors`.`Directors_Director_id` AS `Directors_Director_id`,`directors`.`Directors_Movie_id` AS `Directors_Movie_id`,`directors`.`Directors_PersonData_id` AS `Directors_PersonData_id`,`characters`.`Character_id` AS `Character_id`,`characters`.`Character_Name` AS `Character_Name`,`characters`.`Character_PersonData` AS `Character_PersonData`,`persondata`.`PersonData_id` AS `PersonData_id`,`persondata`.`PersonData_FirstName` AS `PersonData_FirstName`,`persondata`.`PersonData_LastName` AS `PersonData_LastName`,`persondata`.`PersonData_Gender` AS `PersonData_Gender`,`persondata`.`PersonData_BirthDate` AS `PersonData_BirthDate`,`persondata`.`PersonData_Married` AS `PersonData_Married`,`persondata`.`PersonData_ContactInfo_id` AS `PersonData_ContactInfo_id`,`contactinfo`.`ContactInfo_id` AS `ContactInfo_id`,`contactinfo`.`ContactInfo_Country` AS `ContactInfo_Country`,`contactinfo`.`ContactInfo_Zip` AS `ContactInfo_Zip`,`contactinfo`.`ContactInfo_Street` AS `ContactInfo_Street`,`contactinfo`.`ContactInfo_StreetNumber` AS `ContactInfo_StreetNumber`,`contactinfo`.`ContactInfo_Phone` AS `ContactInfo_Phone`,`contactinfo`.`ContactInfo_Email` AS `ContactInfo_Email` from (((((((((`movies` left join `movies_has_characters` on((`movies_has_characters`.`Movies_has_Characters_Movie_id` = `movies`.`Movie_id`))) left join `trailers` on((`trailers`.`Trailer_Movie_id` = `movies`.`Movie_id`))) left join `posters` on((`posters`.`Poster_Movie_id` = `movies`.`Movie_id`))) left join `languages` on((`languages`.`Language_Movie_id` = `movies`.`Movie_id`))) left join `productioncompanies` on((`productioncompanies`.`ProductionCompany_id` = `movies`.`Movie_ProductionCompany`))) left join `directors` on((`directors`.`Directors_Movie_id` = `movies`.`Movie_id`))) left join `characters` on((`movies_has_characters`.`Movies_has_Characters_Character_id` = `characters`.`Character_id`))) left join `persondata` on((`persondata`.`PersonData_id` = `characters`.`Character_PersonData`))) left join `contactinfo` on((`contactinfo`.`ContactInfo_id` = `persondata`.`PersonData_ContactInfo_id`))) */;
/*!50001 SET character_set_client      = @saved_cs_client */;
/*!50001 SET character_set_results     = @saved_cs_results */;
/*!50001 SET collation_connection      = @saved_col_connection */;

--
-- Final view structure for view `movie_view`
--

/*!50001 DROP VIEW IF EXISTS `movie_view`*/;
/*!50001 SET @saved_cs_client          = @@character_set_client */;
/*!50001 SET @saved_cs_results         = @@character_set_results */;
/*!50001 SET @saved_col_connection     = @@collation_connection */;
/*!50001 SET character_set_client      = utf8mb4 */;
/*!50001 SET character_set_results     = utf8mb4 */;
/*!50001 SET collation_connection      = utf8mb4_0900_ai_ci */;
/*!50001 CREATE ALGORITHM=UNDEFINED */
/*!50013 DEFINER=`root`@`localhost` SQL SECURITY DEFINER */
/*!50001 VIEW `movie_view` AS select `movies`.`Movie_Title` AS `Title`,`movies`.`Movie_Year` AS `Year`,`movies`.`Movie_Genre` AS `Genre`,`movies`.`Movie_Length` AS `Length` from `movies` order by `movies`.`Movie_Title` */;
/*!50001 SET character_set_client      = @saved_cs_client */;
/*!50001 SET character_set_results     = @saved_cs_results */;
/*!50001 SET collation_connection      = @saved_col_connection */;
/*!40103 SET TIME_ZONE=@OLD_TIME_ZONE */;

/*!40101 SET SQL_MODE=@OLD_SQL_MODE */;
/*!40014 SET FOREIGN_KEY_CHECKS=@OLD_FOREIGN_KEY_CHECKS */;
/*!40014 SET UNIQUE_CHECKS=@OLD_UNIQUE_CHECKS */;
/*!40101 SET CHARACTER_SET_CLIENT=@OLD_CHARACTER_SET_CLIENT */;
/*!40101 SET CHARACTER_SET_RESULTS=@OLD_CHARACTER_SET_RESULTS */;
/*!40101 SET COLLATION_CONNECTION=@OLD_COLLATION_CONNECTION */;
/*!40111 SET SQL_NOTES=@OLD_SQL_NOTES */;

-- Dump completed on 2021-03-23 16:30:13
